,id,title,href,price_50_average
0,FSENX,Fidelity Select Energy Portfolio,/quote/FSENX?p=FSENX,18.67
1,FAGNX,Fidelity Advisor Energy Fund Class M,/quote/FAGNX?p=FAGNX,14.82
2,FANIX,Fidelity Advisor Energy Fund I Class,/quote/FANIX?p=FANIX,15.24
3,RMBKX,RMB Mendon Financial Services Fund Class A,/quote/RMBKX?p=RMBKX,25.54
4,RMBNX,RMB Mendon Financial Services Fund Class C,/quote/RMBNX?p=RMBNX,22.87
5,UMPIX,ProFunds UltraMid Cap Fund Investor Class,/quote/UMPIX?p=UMPIX,23.64
6,UMPSX,ProFunds UltraMid Cap Fund Service Class,/quote/UMPSX?p=UMPSX,19.22
7,VGELX,Vanguard Energy Fund Admiral Shares,/quote/VGELX?p=VGELX,54.33
8,GSOFX,GMO Special Opportunities Fund Class VI,/quote/GSOFX?p=GSOFX,13.19
9,VGENX,Vanguard Energy Fund Investor Shares,/quote/VGENX?p=VGENX,28.96
10,FFBFX,Emerald Banking and Finance Fund Investor Class,/quote/FFBFX?p=FFBFX,21.39
11,HSSIX,Emerald Banking and Finance Fund Institutional Class,/quote/HSSIX?p=HSSIX,23.36
12,HSSCX,Emerald Banking and Finance Fund Class C,/quote/HSSCX?p=HSSCX,19.23
13,HSSAX,Emerald Banking and Finance Fund Class A,/quote/HSSAX?p=HSSAX,22.70
14,HWSCX,Hotchkis & Wiley Small Cap Value Fund Class C,/quote/HWSCX?p=HWSCX,26.80
15,HWSIX,Hotchkis & Wiley Small Cap Value Fund Class I,/quote/HWSIX?p=HWSIX,33.51
16,HWSAX,Hotchkis & Wiley Small Cap Value Fund Class A,/quote/HWSAX?p=HWSAX,33.36
17,MMEYX,Victory Integrity Discovery Fund Class Y,/quote/MMEYX?p=MMEYX,23.39
18,MMEAX,Victory Integrity Discovery Fund Class A,/quote/MMEAX?p=MMEAX,21.10
19,MMERX,Victory Integrity Discovery Fund Class R,/quote/MMERX?p=MMERX,19.74
20,RYCVX,Rydex Dow 2x Strategy Fund Class H,/quote/RYCVX?p=RYCVX,64.86
21,RYLDX,Rydex Dow 2x Strategy Fund Class A,/quote/RYLDX?p=RYLDX,65.09
22,RYCYX,Rydex Dow 2x Strategy Fund Class C,/quote/RYCYX?p=RYCYX,56.69
23,UBVLX,Undiscovered Managers Behavioral Value Fund Class L,/quote/UBVLX?p=UBVLX,39.66
24,UBVAX,Undiscovered Managers Behavioral Value Fund Class A,/quote/UBVAX?p=UBVAX,38.62
25,SIPIX,SEI Institutional Managed Trust Mid-Cap Portfolio Fund Class I,/quote/SIPIX?p=SIPIX,19.00
26,CAEEX,Columbia Acorn European Fund Institutional 2 Class,/quote/CAEEX?p=CAEEX,16.97
27,CAAPX,Ariel Appreciation Fund Investor Class,/quote/CAAPX?p=CAAPX,32.36
28,NWGSX,Nationwide WCM Focused Small Cap Fund Institutional Service Class,/quote/NWGSX?p=NWGSX,17.88
29,PVIVX,Paradigm Micro-Cap Fund,/quote/PVIVX?p=PVIVX,22.62
30,NWGPX,Nationwide WCM Focused Small Cap Fund Class A,/quote/NWGPX?p=NWGPX,17.03
31,NWKEX,Nationwide WCM Focused Small Cap Fund Class R6,/quote/NWKEX?p=NWKEX,18.01
32,GSXCX,Aberdeen U.S. Small Cap Equity Fund Class C,/quote/GSXCX?p=GSXCX,20.80
33,FBSOX,Fidelity Select IT Services Portfolio,/quote/FBSOX?p=FBSOX,64.99
34,FOSBX,Tributary Small Company Fund Institutional Plus Class,/quote/FOSBX?p=FOSBX,21.07
35,GSXIX,Aberdeen U.S. Small Cap Equity Fund Institutional Service Class,/quote/GSXIX?p=GSXIX,27.15
36,VSTCX,Vanguard Strategic Small-Cap Equity Fund Investor Shares,/quote/VSTCX?p=VSTCX,22.87
37,CDOFX,Crawford Small Cap Dividend Fund,/quote/CDOFX?p=CDOFX,30.66
38,FMIYX,FMI International Fund Institutional Class,/quote/FMIYX?p=FMIYX,24.05
39,QFVIX,Pear Tree Polaris Foreign Value Fund Class Institutional,/quote/QFVIX?p=QFVIX,15.32
40,QFVOX,Pear Tree Polaris Foreign Value Fund Class Ordinary,/quote/QFVOX?p=QFVOX,15.37
41,HSPCX,Emerald Growth Fund Class C,/quote/HSPCX?p=HSPCX,16.85
42,FSSNX,Fidelity Small Cap Index Fund,/quote/FSSNX?p=FSSNX,15.15
43,BDFIX,Baron Discovery Fund Institutional Shares,/quote/BDFIX?p=BDFIX,17.76
44,FFGRX,Emerald Growth Fund Investor Class,/quote/FFGRX?p=FFGRX,20.37
45,FMIJX,FMI International Fund Investor Class,/quote/FMIJX?p=FMIJX,24.03
46,PRSVX,T. Rowe Price Small-Cap Value Fund,/quote/PRSVX?p=PRSVX,34.38
47,FACSX,Nuveen Mid Cap Value Fund Class C,/quote/FACSX?p=FACSX,28.87
48,HSPGX,Emerald Growth Fund Class A,/quote/HSPGX?p=HSPGX,20.48
49,PASVX,T. Rowe Price Small-Cap Value Fund Advisor Class,/quote/PASVX?p=PASVX,34.27
50,VSEQX,Vanguard Strategic Equity Fund Investor Shares,/quote/VSEQX?p=VSEQX,24.04
51,SGPIX,ProFunds Small Cap Growth Fund Investor Class,/quote/SGPIX?p=SGPIX,69.02
52,PRVIX,T. Rowe Price Small-Cap Value Fund I Class,/quote/PRVIX?p=PRVIX,34.38
53,DPSCX,BNY Mellon Structured Midcap Fund Class C,/quote/DPSCX?p=DPSCX,16.20
54,RYOIX,Rydex Biotechnology Fund Class Investor,/quote/RYOIX?p=RYOIX,73.11
55,DPSYX,BNY Mellon Structured MidCap Fund Class Y,/quote/DPSYX?p=DPSYX,19.59
56,SEGPX,Guggenheim Large Cap Value Fund Class P,/quote/SEGPX?p=SEGPX,33.02
57,QISGX,Federated MDT Small Cap Growth Fund Institutional Shares,/quote/QISGX?p=QISGX,18.71
58,MIDNX,Matthews India Fund Institutional Class,/quote/MIDNX?p=MIDNX,17.65
59,NEFOX,Natixis Funds Trust II Oakmark Fund Class A,/quote/NEFOX?p=NEFOX,16.53
60,GILCX,Guggenheim Large Cap Value Fund Class Institutional,/quote/GILCX?p=GILCX,32.67
61,MINDX,Matthews India Fund Investor Class,/quote/MINDX?p=MINDX,17.43
62,QASGX,Federated MDT Small Cap Growth Fund Class A Shares,/quote/QASGX?p=QASGX,17.85
63,QCSGX,Federated MDT Small Cap Growth Fund Class C Shares,/quote/QCSGX?p=QCSGX,15.50
64,QLSGX,Federated MDT Small Cap Growth Fund Class R6,/quote/QLSGX?p=QLSGX,18.71
65,FMSTX,Federated MDT Large Cap Value Fund Institutional Shares,/quote/FMSTX?p=FMSTX,21.60
66,FSTKX,Federated MDT Large Cap Value Fund Service Shares,/quote/FSTKX?p=FSTKX,21.62
67,FTHSX,Fuller & Thaler Behavioral Small-Cap Equity Fund Institutional Shares,/quote/FTHSX?p=FTHSX,20.59
68,AASCX,Thrivent Mid Cap Stock Fund Class A,/quote/AASCX?p=AASCX,18.31
69,TMSIX,Thrivent Mid Cap Stock Fund Class S,/quote/TMSIX?p=TMSIX,21.00
70,FVDKX,Fidelity Value Discovery Fund Class K,/quote/FVDKX?p=FVDKX,23.10
71,VWNDX,Vanguard Windsor Fund Investor Share,/quote/VWNDX?p=VWNDX,15.94
72,WSCGX,Wells Fargo Small Company Growth Fund - Class Inst,/quote/WSCGX?p=WSCGX,41.39
73,HASCX,Harbor Small Cap Value Fund Institutional Class,/quote/HASCX?p=HASCX,25.20
74,HNVRX,Harbor Small Cap Value Fund Retirement Class,/quote/HNVRX?p=HNVRX,25.21
75,FSTRX,Federated MDT Large Cap Value Fund Class A,/quote/FSTRX?p=FSTRX,21.59
76,SVFDX,Smead Value Fund Class R1,/quote/SVFDX?p=SVFDX,36.31
77,FSTLX,Federated MDT Large Cap Value Fund Class R6,/quote/FSTLX?p=FSTLX,21.62
78,HISVX,Harbor Small Cap Value Fund Investor Class,/quote/HISVX?p=HISVX,24.52
79,NVSCX,Wells Fargo Small Company Growth Fund - Class Admin,/quote/NVSCX?p=NVSCX,40.10
80,MRIGX,Meridian Growth Fund Investor Class,/quote/MRIGX?p=MRIGX,28.07
81,SVFAX,Smead Value Fund Class A,/quote/SVFAX?p=SVFAX,36.63
82,HSVRX,Harbor Small Cap Value Fund Administrative Class,/quote/HSVRX?p=HSVRX,25.06
83,SMVLX,Smead Value Fund Investor Class,/quote/SMVLX?p=SMVLX,36.89
84,SVFYX,Smead Value Fund Class Y,/quote/SVFYX?p=SVFYX,36.93
85,PEXMX,T. Rowe Price Extended Equity Market Index Fund,/quote/PEXMX?p=PEXMX,22.02
86,SVFKX,Smead Value Fund Class R2,/quote/SVFKX?p=SVFKX,37.50
87,FZAMX,Fidelity Advisor Mid Cap II Fund Class Z,/quote/FZAMX?p=FZAMX,14.67
88,MRAGX,Meridian Growth Fund A Class,/quote/MRAGX?p=MRAGX,27.30
89,DODGX,Dodge & Cox Stock Fund,/quote/DODGX?p=DODGX,141.98
90,TRMCX,T. Rowe Price Mid-Cap Value Fund,/quote/TRMCX?p=TRMCX,20.99
91,TRMIX,T. Rowe Price Mid-Cap Value Fund I Class,/quote/TRMIX?p=TRMIX,20.98
92,TILCX,T. Rowe Price Institutional Large Cap Value Fund,/quote/TILCX?p=TILCX,17.53
93,WTMCX,Segall Bryant & Hamill Mid Cap Value Dividend Fund Retail Class,/quote/WTMCX?p=WTMCX,18.58
94,RRMVX,T. Rowe Price Mid-Cap Value Fund R Class,/quote/RRMVX?p=RRMVX,20.53
95,JDMNX,Janus Henderson Enterprise Fund Class N,/quote/JDMNX?p=JDMNX,112.94
96,JANEX,Janus Henderson Enterprise Fund Class D,/quote/JANEX?p=JANEX,111.90
97,JDMRX,Janus Henderson Enterprise Fund Class R,/quote/JDMRX?p=JDMRX,104.57
98,JGRTX,Janus Henderson Enterprise Fund Class S,/quote/JGRTX?p=JGRTX,108.03
99,JMGRX,Janus Henderson Enterprise Fund Class I,/quote/JMGRX?p=JMGRX,112.49
100,JAENX,Janus Henderson Enterprise Fund Class T,/quote/JAENX?p=JAENX,111.10
101,JDMAX,Janus Henderson Enterprise Fund Class A,/quote/JDMAX?p=JDMAX,108.66
102,JSMGX,Janus Henderson Triton Fund Class I,/quote/JSMGX?p=JSMGX,23.48
103,JGMRX,Janus Henderson Triton Fund Class R,/quote/JGMRX?p=JGMRX,21.77
104,AVEGX,Ave Maria Growth Fund,/quote/AVEGX?p=AVEGX,31.47
105,JGRCX,Janus Henderson Enterprise Fund Class C,/quote/JGRCX?p=JGRCX,99.49
106,FOVAX,First Trust/Confluence Small Cap Value Fund Class A,/quote/FOVAX?p=FOVAX,24.21
107,TAMVX,T. Rowe Price Mid-Cap Value Fund Advisor Class,/quote/TAMVX?p=TAMVX,20.91
108,JANIX,Janus Henderson Triton Fund Class D,/quote/JANIX?p=JANIX,23.30
109,DTSGX,Wilshire Small Company Growth Portfolio Investment Class Shares,/quote/DTSGX?p=DTSGX,21.14
110,JGMIX,Janus Henderson Triton Fund Class S,/quote/JGMIX?p=JGMIX,22.36
111,WSMGX,Wilshire Small Company Growth Portfolio Fund Class Institutional,/quote/WSMGX?p=WSMGX,23.19
112,WBSNX,William Blair Small Cap Growth Fund Class N,/quote/WBSNX?p=WBSNX,21.47
113,JGMNX,Janus Henderson Triton Fund Class N,/quote/JGMNX?p=JGMNX,23.62
114,BREFX,Baron Real Estate Fund Retail Shares,/quote/BREFX?p=BREFX,21.47
115,FIMPX,Nuveen Small Cap Growth Opportunities Fund Class I,/quote/FIMPX?p=FIMPX,22.61
116,NNGAX,Nuveen Large-Cap Value Fund Class A,/quote/NNGAX?p=NNGAX,17.02
117,WBSIX,William Blair Small Cap Growth Fund Class I,/quote/WBSIX?p=WBSIX,24.15
118,FSMDX,Fidelity Mid Cap Index Fund,/quote/FSMDX?p=FSMDX,18.11
119,FMPFX,Nuveen Small Cap Growth Opportunities Fund Class R6,/quote/FMPFX?p=FMPFX,22.78
120,NNGRX,Nuveen Large-Cap Value Fund Class I,/quote/NNGRX?p=NNGRX,17.10
121,QTSRX,AQR TM Small Cap Momentum Style Fund Class R6,/quote/QTSRX?p=QTSRX,15.04
122,CHTTX,AMG Managers Fairpointe Mid Cap Fund Class N,/quote/CHTTX?p=CHTTX,25.29
123,NMMTX,Nuveen Large-Cap Value Fund Class R3,/quote/NMMTX?p=NMMTX,17.22
124,BPAIX,Boston Partners All Cap Value Fund Institutional Class,/quote/BPAIX?p=BPAIX,20.26
125,HWAIX,Hotchkis & Wiley Value Opportunities Fund Class Institutional,/quote/HWAIX?p=HWAIX,20.50
126,MIMSX,BNY Mellon Mid Cap Multi-Strategy Fund Class Investor,/quote/MIMSX?p=MIMSX,14.14
127,BVEFX,Becker Value Equity Fund Retail Class,/quote/BVEFX?p=BVEFX,14.66
128,FSDPX,Fidelity Select Materials Portfolio,/quote/FSDPX?p=FSDPX,52.92
129,HWAAX,Hotchkis & Wiley Value Opportunities Fund Class A,/quote/HWAAX?p=HWAAX,20.56
130,CSVIX,Calvert Small-Cap Fund Class I,/quote/CSVIX?p=CSVIX,21.98
131,PMEGX,T. Rowe Price Institutional Mid-Cap Equity Growth Fund,/quote/PMEGX?p=PMEGX,48.35
132,BVEIX,Becker Value Equity Fund Institutional Class,/quote/BVEIX?p=BVEIX,14.70
133,FMFCX,Fidelity Advisor Materials Fund Class C,/quote/FMFCX?p=FMFCX,50.82
134,DHLRX,Diamond Hill Large Cap Fund Class I,/quote/DHLRX?p=DHLRX,22.25
135,FMFEX,Fidelity Advisor Materials Fund Class I,/quote/FMFEX?p=FMFEX,52.82
136,BPAVX,Boston Partners All Cap Value Fund Investor Class,/quote/BPAVX?p=BPAVX,20.17
137,FMFTX,Fidelity Advisor Materials Fund Class M,/quote/FMFTX?p=FMFTX,52.19
138,FMFAX,Fidelity Advisor Materials Fund Class A,/quote/FMFAX?p=FMFAX,52.69
139,CCVAX,Calvert Small-Cap Fund Class A,/quote/CCVAX?p=CCVAX,20.27
140,DHLAX,Diamond Hill Large Cap Fund Class A,/quote/DHLAX?p=DHLAX,22.09
141,FETKX,Fidelity Equity Dividend Income Fund Class K,/quote/FETKX?p=FETKX,19.52
142,FBIOX,Fidelity Select Biotechnology Portfolio,/quote/FBIOX?p=FBIOX,18.95
143,ATSMX,AQR TM Small Cap Momentum Style Fund Class I,/quote/ATSMX?p=ATSMX,15.05
144,TRSSX,T. Rowe Price Institutional Small-Cap Stock Fund,/quote/TRSSX?p=TRSSX,19.58
145,CSCCX,Calvert Small-Cap Fund Class C,/quote/CSCCX?p=CSCCX,17.22
146,DHLYX,Diamond Hill Large Cap Fund Class Y,/quote/DHLYX?p=DHLYX,22.27
147,ASMOX,AQR Small Cap Momentum Style Fund Class I,/quote/ASMOX?p=ASMOX,14.70
148,HQIIX,The Hartford Equity Income Fund Class I,/quote/HQIIX?p=HQIIX,15.65
149,OTCFX,T. Rowe Price Small-Cap Stock Fund,/quote/OTCFX?p=OTCFX,40.02
150,OTIIX,T. Rowe Price Small-Cap Stock Fund I Class,/quote/OTIIX?p=OTIIX,40.04
151,WGROX,Wasatch Core Growth Fund,/quote/WGROX?p=WGROX,56.39
152,CCALX,Conestoga Small Cap Institutional Class,/quote/CCALX?p=CCALX,49.52
153,PASSX,T. Rowe Price Small-Cap Stock Fund Advisor Class,/quote/PASSX?p=PASSX,39.59
154,CSRYX,Columbia Select Large Cap Value Fund Institutional 3 Class,/quote/CSRYX?p=CSRYX,20.17
155,TCVIX,Touchstone Mid Cap Value Institutional Class,/quote/TCVIX?p=TCVIX,14.51
156,RPTIX,T. Rowe Price Mid-Cap Growth Fund I Class,/quote/RPTIX?p=RPTIX,76.19
157,IPFPX,Poplar Forest Partners Fund Institutional Class,/quote/IPFPX?p=IPFPX,30.78
158,CCASX,Conestoga Small Cap Fund Investors Class,/quote/CCASX?p=CCASX,48.90
159,PAMCX,T. Rowe Price Mid-Cap Growth Fund Advisor Class,/quote/PAMCX?p=PAMCX,73.51
160,SSETX,BNY Mellon Growth Fund Class I,/quote/SSETX?p=SSETX,28.24
161,RPMGX,T. Rowe Price Mid-Cap Growth Fund,/quote/RPMGX?p=RPMGX,76.18
162,RRMGX,T. Rowe Price Mid-Cap Growth Fund R Class,/quote/RRMGX?p=RRMGX,70.86
163,TQAAX,T. Rowe Price QM U.S. Small-Cap Growth Equity Fund Advisor Class,/quote/TQAAX?p=TQAAX,30.82
164,HQISX,The Hartford Equity Income Fund Class R4,/quote/HQISX?p=HQISX,15.80
165,MFCAX,Meridian Contrarian Fund A Class,/quote/MFCAX?p=MFCAX,25.08
166,TQAIX,T. Rowe Price QM U.S. Small-Cap Growth Equity Fund I Class,/quote/TQAIX?p=TQAIX,31.12
167,FMCRX,Federated Mid-Cap Index Fund Institutional Shares,/quote/FMCRX?p=FMCRX,14.55
168,SLVAX,Columbia Select Large Cap Value Fund Class A,/quote/SLVAX?p=SLVAX,19.03
169,FBTIX,Fidelity Advisor Biotechnology Fund I Class,/quote/FBTIX?p=FBTIX,26.66
170,SLVIX,Columbia Select Large Cap Value Fund Institutional 2 Class,/quote/SLVIX?p=SLVIX,19.83
171,CSVZX,Columbia Select Large Cap Value Fund Institutional Class,/quote/CSVZX?p=CSVZX,19.83
172,FMDCX,Federated Mid-Cap Index Fund Service Shares,/quote/FMDCX?p=FMDCX,14.54
173,FMCLX,Federated Mid-Cap Index Fund Class R6 Shares,/quote/FMCLX?p=FMCLX,14.57
174,CSERX,Columbia Select Large Cap Value Fund Advisor Class,/quote/CSERX?p=CSERX,20.11
175,FBTAX,Fidelity Advisor Biotechnology Fund Class A,/quote/FBTAX?p=FBTAX,24.97
176,PFPFX,Poplar Forest Partners Fund Class A,/quote/PFPFX?p=PFPFX,30.77
177,VSNGX,JPMorgan Mid Cap Equity Fund Class I,/quote/VSNGX?p=VSNGX,40.25
178,MVALX,Meridian Contrarian Fund Legacy Class,/quote/MVALX?p=MVALX,25.72
179,PRDSX,T. Rowe Price QM U.S. Small-Cap Growth Equity Fund,/quote/PRDSX?p=PRDSX,31.01
180,JCMAX,JPMorgan Mid Cap Equity Fund Class A,/quote/JCMAX?p=JCMAX,39.55
181,MFCIX,Meridian Contrarian Fund Investor Class,/quote/MFCIX?p=MFCIX,25.51
182,DMIDX,BNY Mellon MidCap Index Fund Class I,/quote/DMIDX?p=DMIDX,23.74
183,JMCEX,JPMorgan Mid Cap Equity Fund Class R2,/quote/JMCEX?p=JMCEX,39.10
184,AIAFX,Aberdeen Global Infrastructure Fund Class A,/quote/AIAFX?p=AIAFX,17.27
185,PESPX,BNY Mellon MidCap Index Fund Investor Shares,/quote/PESPX?p=PESPX,23.83
186,FBTTX,Fidelity Advisor Biotechnology Fund Class M,/quote/FBTTX?p=FBTTX,23.41
187,MFCCX,Meridian Contrarian Fund Class C,/quote/MFCCX?p=MFCCX,24.57
188,VEIPX,Vanguard Equity-Income Fund Investor Shares,/quote/VEIPX?p=VEIPX,30.11
189,NWHZX,Nationwide Geneva Small Cap Growth Fund Class A,/quote/NWHZX?p=NWHZX,51.53
190,NWKCX,Nationwide Geneva Small Cap Growth Fund Class R6,/quote/NWKCX?p=NWKCX,53.83
191,VEIRX,Vanguard Equity-Income Fund Admiral Shares,/quote/VEIRX?p=VEIRX,63.11
192,FAMWX,FAM Value Fund Institutional Class,/quote/FAMWX?p=FAMWX,64.44
193,FAMVX,FAM Value Fund Investor Class,/quote/FAMVX?p=FAMVX,64.18
194,APHKX,Artisan International Value Fund Institutional Class,/quote/APHKX?p=APHKX,27.84
195,CCSGX,Conestoga SMid Cap Fund Institutional Class,/quote/CCSGX?p=CCSGX,14.74
196,APDKX,Artisan International Value Fund Advisor Class,/quote/APDKX?p=APDKX,27.72
197,VIMCX,Virtus KAR Mid-Cap Core Fund Class I,/quote/VIMCX?p=VIMCX,31.89
198,ARTKX,Artisan International Value Fund Investor Class,/quote/ARTKX?p=ARTKX,27.78
199,TEGYX,Touchstone Mid Cap Growth Fund Class Y,/quote/TEGYX?p=TEGYX,27.15
200,TEGIX,Touchstone Mid Cap Growth Fund Institutional Class,/quote/TEGIX?p=TEGIX,27.44
201,CIPNX,Champlain Small Company Fund Institutional Class,/quote/CIPNX?p=CIPNX,15.27
202,VMACX,Virtus KAR Mid-Cap Core Fund Class A,/quote/VMACX?p=VMACX,31.25
203,FLCCX,Fidelity Advisor Large Cap Fund Class C,/quote/FLCCX?p=FLCCX,20.98
204,TEGAX,Touchstone Mid Cap Growth Fund Class A,/quote/TEGAX?p=TEGAX,25.95
205,VMCCX,Virtus KAR Mid-Cap Core Fund Class C,/quote/VMCCX?p=VMCCX,28.93
206,NSCRX,Nuveen NWQ Small-Cap Value Fund Class I,/quote/NSCRX?p=NSCRX,31.30
207,FALAX,Fidelity Advisor Large Cap Fund Class A,/quote/FALAX?p=FALAX,23.77
208,FIDLX,Fidelity Advisor Large Cap Fund Class Z,/quote/FIDLX?p=FIDLX,25.16
209,CIPSX,Champlain Small Company Fund Class Advisor,/quote/CIPSX?p=CIPSX,15.10
210,JANVX,Janus Henderson Venture Fund Class D,/quote/JANVX?p=JANVX,63.12
211,FRESX,Fidelity Real Estate Investment Portfolio,/quote/FRESX?p=FRESX,36.01
212,NSCFX,Nuveen NWQ Small-Cap Value Fund Class R6,/quote/NSCFX?p=NSCFX,31.68
213,JVTNX,Janus Henderson Venture Fund Class N,/quote/JVTNX?p=JVTNX,63.97
214,JVTIX,Janus Henderson Venture Fund Class I,/quote/JVTIX?p=JVTIX,63.45
215,JAVTX,Janus Henderson Venture Fund Class T,/quote/JAVTX?p=JAVTX,62.12
216,JVTSX,Janus Henderson Venture Fund Class S,/quote/JVTSX?p=JVTSX,60.25
217,PRDMX,T. Rowe Price Diversified Mid Cap Growth Fund,/quote/PRDMX?p=PRDMX,29.90
218,JVTCX,Janus Henderson Venture Fund Class C,/quote/JVTCX?p=JVTCX,55.68
219,SCUVX,Hartford Schroders US Small Cap Opportunities Fund Class A,/quote/SCUVX?p=SCUVX,18.42
220,NSCCX,Nuveen NWQ Small-Cap Value Fund Class C,/quote/NSCCX?p=NSCCX,26.36
221,MECAX,AMG Managers Cadence Emerging Companies Fund - Class N,/quote/MECAX?p=MECAX,35.98
222,TOECX,Touchstone Mid Cap Growth Fund Class C,/quote/TOECX?p=TOECX,15.18
223,HOOTX,Hartford Schroders US Small Cap Opportunities Fund Class R5,/quote/HOOTX?p=HOOTX,19.37
224,SCUIX,Hartford Schroders US Small Cap Opportunities Fund Class I,/quote/SCUIX?p=SCUIX,19.38
225,TVRVX,Third Avenue Real Estate Value Fund Investor Class,/quote/TVRVX?p=TVRVX,19.11
226,FALIX,Fidelity Advisor Large Cap Fund Class I,/quote/FALIX?p=FALIX,25.19
227,QUAYX,AB Small Cap Growth Portfolio Advisor Class,/quote/QUAYX?p=QUAYX,49.16
228,SCURX,Hartford Schroders US Small Cap Opportunities Fund Class SDR,/quote/SCURX?p=SCURX,19.42
229,MECIX,AMG Managers Cadence Emerging Companies Fund - Class I,/quote/MECIX?p=MECIX,39.39
230,GASFX,Hennessy Gas Utility Fund Investor Class,/quote/GASFX?p=GASFX,23.70
231,DSCVX,BNY Mellon Opportunistic Small Cap Fund Investor Shares,/quote/DSCVX?p=DSCVX,19.66
232,HOOSX,Hartford Schroders US Small Cap Opportunities Fund Class R4,/quote/HOOSX?p=HOOSX,19.33
233,PRNHX,T. Rowe Price New Horizons Fund,/quote/PRNHX?p=PRNHX,53.33
234,LSSNX,Loomis Sayles Small Cap Growth Fund Class N,/quote/LSSNX?p=LSSNX,20.99
235,PRJIX,T. Rowe Price New Horizons Fund I Class,/quote/PRJIX?p=PRJIX,53.48
236,DOPIX,BNY Mellon Opportunistic Small Cap Fund Class I,/quote/DOPIX?p=DOPIX,19.78
237,TRPIX,T. Rowe Price Value Fund I Class,/quote/TRPIX?p=TRPIX,29.23
238,TRVLX,T. Rowe Price Value Fund,/quote/TRVLX?p=TRVLX,29.23
239,TAREX,Third Avenue Real Estate Value Fund Institutional Class,/quote/TAREX?p=TAREX,19.20
240,DSCYX,BNY Mellon Opportunistic Small Cap Fund Class Y,/quote/DSCYX?p=DSCYX,19.81
241,HMDCX,The Hartford MidCap Fund Class C,/quote/HMDCX?p=HMDCX,16.01
242,HDGCX,The Hartford Dividend and Growth Fund Class C,/quote/HDGCX?p=HDGCX,20.32
243,HFMVX,The Hartford MidCap Fund Class R6,/quote/HFMVX?p=HFMVX,29.78
244,IUESX,JPMorgan International Unconstrained Equity Fund Class I,/quote/IUESX?p=IUESX,18.26
245,ARYCX,American Century Real Estate Fund C Class,/quote/ARYCX?p=ARYCX,23.08
246,FLCSX,Fidelity Large Cap Stock Fund,/quote/FLCSX?p=FLCSX,25.84
247,PAREX,T. Rowe Price Real Estate Fund Advisor Class,/quote/PAREX?p=PAREX,20.21
248,NCTWX,Nicholas II Fund Class I,/quote/NCTWX?p=NCTWX,22.57
249,NNTWX,Nicholas II Fund Class N,/quote/NNTWX?p=NNTWX,22.02
250,PAVLX,T. Rowe Price Value Fund Advisor Class,/quote/PAVLX?p=PAVLX,28.76
251,HFMIX,The Hartford MidCap Fund Class I,/quote/HFMIX?p=HFMIX,24.93
252,HFMSX,The Hartford MidCap Fund Class R4,/quote/HFMSX?p=HFMSX,28.35
253,CNPIX,ProFunds Consumer Goods Ultra Sector Fund Investor Class,/quote/CNPIX?p=CNPIX,88.27
254,CNPSX,ProFunds Consumer Goods Ultra Sector Fund Service Class,/quote/CNPSX?p=CNPSX,79.54
255,RYBAX,Rydex Basic Materials Fund Class H,/quote/RYBAX?p=RYBAX,39.86
256,DODFX,Dodge & Cox International Stock Fund,/quote/DODFX?p=DODFX,31.14
257,BPTIX,Baron Partners Fund Institutional Shares,/quote/BPTIX?p=BPTIX,60.20
258,BPTUX,Baron Partners Fund R6 Shares,/quote/BPTUX?p=BPTUX,60.20
259,BPTRX,Baron Partners Fund Retail Shares,/quote/BPTRX?p=BPTRX,58.66
260,NWSAX,Nationwide Small Company Growth Fund Class A,/quote/NWSAX?p=NWSAX,16.17
261,RYBCX,Rydex Basic Materials Fund Class C,/quote/RYBCX?p=RYBCX,35.69
262,SEEKX,Crossmark Steward Large Cap Enhanced Index Fund Class A,/quote/SEEKX?p=SEEKX,36.16
263,RYBIX,Rydex Basic Materials Fund Class Investor,/quote/RYBIX?p=RYBIX,44.28
264,RYBMX,Rydex Basic Materials Fund Class A,/quote/RYBMX?p=RYBMX,41.17
265,THORX,Thornburg Global Opportunities Fund Class R3,/quote/THORX?p=THORX,24.12
266,TESIX,Franklin Mutual Shares Fund Class A,/quote/TESIX?p=TESIX,20.20
267,VMGIX,Vanguard Mid-Cap Growth Index Fund Investor Shares,/quote/VMGIX?p=VMGIX,51.73
268,SEUPX,Guggenheim StylePlus - Mid Growth Fund Class P,/quote/SEUPX?p=SEUPX,33.00
269,GTLIX,Glenmede Quantitative U.S. Large Cap Core Equity Portfolio Institutional Shares,/quote/GTLIX?p=GTLIX,21.00
270,GTLOX,Glenmede Quantitative U.S. Large Cap Core Equity Portfolio,/quote/GTLOX?p=GTLOX,21.00
271,VMGMX,Vanguard Mid-Cap Growth Index Fund Admiral Shares,/quote/VMGMX?p=VMGMX,56.63
272,NNLEX,Nicholas Limited Edition Fund Class N,/quote/NNLEX?p=NNLEX,21.00
273,THOCX,Thornburg Global Opportunities Fund Class C,/quote/THOCX?p=THOCX,23.46
274,DROYX,Diamond Hill Research Opportunities Fund Class Y,/quote/DROYX?p=DROYX,18.04
275,CFWCX,Calvert Global Water Fund Class C,/quote/CFWCX?p=CFWCX,16.23
276,THOIX,Thornburg Global Opportunities Fund Class I,/quote/THOIX?p=THOIX,24.39
277,TCMSX,TCM Small Cap Growth Fund,/quote/TCMSX?p=TCMSX,27.71
278,TESRX,Franklin Mutual Shares Fund Class R,/quote/TESRX?p=TESRX,20.13
279,NSDVX,North Star Dividend Fund Class I,/quote/NSDVX?p=NSDVX,15.16
280,CFWIX,Calvert Global Water Fund Class I,/quote/CFWIX?p=CFWIX,17.76
281,WPSKX,AB Concentrated Growth Fund Class K,/quote/WPSKX?p=WPSKX,35.62
282,DROCX,Diamond Hill Research Opportunities Fund Class C,/quote/DROCX?p=DROCX,16.48
283,DHROX,Diamond Hill Research Opportunities Fund Class A,/quote/DHROX?p=DHROX,17.68
284,SFLWX,AIG Focused Alpha Large-Cap Fund Class W,/quote/SFLWX?p=SFLWX,23.11
285,WPSIX,AB Concentrated Growth Fund Class I,/quote/WPSIX?p=WPSIX,36.29
286,CFWAX,Calvert Global Water Fund Class A,/quote/CFWAX?p=CFWAX,17.66
287,BTMFX,Boston Trust Midcap Fund,/quote/BTMFX?p=BTMFX,15.46
288,KLCIX,Federated Kaufmann Large Cap Fund Institutional Shares,/quote/KLCIX?p=KLCIX,24.87
289,TMDPX,AMG TimesSquare Mid Cap Growth Fund Class N,/quote/TMDPX?p=TMDPX,14.78
290,VQSRX,Virtus KAR Small-Cap Value Fund Class R6,/quote/VQSRX?p=VQSRX,15.37
291,FGSKX,Federated MDT Mid Cap Growth Fund Class R6 Shares,/quote/FGSKX?p=FGSKX,30.19
292,TMDIX,AMG TimesSquare Mid Cap Growth Fund Class Z,/quote/TMDIX?p=TMDIX,15.38
293,HLEMX,Harding Loevner Emerging Markets Portfolio Advisor Class,/quote/HLEMX?p=HLEMX,45.20
294,WSMNX,William Blair Small-Mid Cap Growth Fund Class N,/quote/WSMNX?p=WSMNX,20.78
295,TIBGX,Thornburg Investment Income Builder Fund Class R4,/quote/TIBGX?p=TIBGX,17.32
296,HLMEX,Harding Loevner Institutional Emerging Markets Portfolio Class I,/quote/HLMEX?p=HLMEX,17.29
297,WSMDX,William Blair Small-Mid Cap Growth Fund Class I,/quote/WSMDX?p=WSMDX,22.08
298,CSRIX,Cohen & Steers Institutional Realty Shares,/quote/CSRIX?p=CSRIX,37.89
299,FIDGX,Fidelity Advisor Small Cap Growth Fund Class Z,/quote/FIDGX?p=FIDGX,21.93
300,TIBIX,Thornburg Investment Income Builder Fund Class I,/quote/TIBIX?p=TIBIX,17.43
301,NBGNX,Neuberger Berman Genesis Fund Investor Class,/quote/NBGNX?p=NBGNX,47.19
302,NBGEX,Neuberger Berman Genesis Fund Trust Class,/quote/NBGEX?p=NBGEX,47.19
303,FCTGX,Fidelity Advisor Small Cap Growth Fund Class M,/quote/FCTGX?p=FCTGX,19.88
304,NBGIX,Neuberger Berman Genesis Fund Institutional Class,/quote/NBGIX?p=NBGIX,47.10
305,MXXVX,Matthew 25 Fund,/quote/MXXVX?p=MXXVX,23.25
306,PXSGX,Virtus KAR Small-Cap Growth Fund Class I,/quote/PXSGX?p=PXSGX,34.54
307,ORENX,Invesco Oppenheimer Real Estate Fund Class R,/quote/ORENX?p=ORENX,20.91
308,POPFX,Prospector Opportunity Fund,/quote/POPFX?p=POPFX,17.61
309,HGGAX,Harbor Global Leaders Fund Institutional Class,/quote/HGGAX?p=HGGAX,26.14
310,PSGAX,Virtus KAR Small-Cap Growth Fund Class A,/quote/PSGAX?p=PSGAX,33.73
311,FCIGX,Fidelity Advisor Small Cap Growth Fund I Class,/quote/FCIGX?p=FCIGX,21.86
312,TIBCX,Thornburg Investment Income Builder Fund Class C,/quote/TIBCX?p=TIBCX,17.29
313,TIBRX,Thornburg Investment Income Builder Fund Class R3,/quote/TIBRX?p=TIBRX,17.30
314,ORECX,Invesco Oppenheimer Real Estate Fund Class C,/quote/ORECX?p=ORECX,20.41
315,TIBAX,Thornburg Investment Income Builder Fund Class A,/quote/TIBAX?p=TIBAX,17.31
316,CSRSX,Cohen & Steers Realty Shares Fund Class L,/quote/CSRSX?p=CSRSX,53.45
317,FCAGX,Fidelity Advisor Small Cap Growth Fund Class A,/quote/FCAGX?p=FCAGX,20.71
318,FCCGX,Fidelity Advisor Small Cap Growth Fund Class C,/quote/FCCGX?p=FCCGX,17.98
319,FOSKX,Fidelity Overseas Fund Class K,/quote/FOSKX?p=FOSKX,41.84
320,BARUX,Baron Asset Fund Class R6,/quote/BARUX?p=BARUX,76.91
321,PSGCX,Virtus KAR Small-Cap Growth Fund Class C,/quote/PSGCX?p=PSGCX,29.98
322,BARIX,Baron Asset Fund Institutional Class,/quote/BARIX?p=BARIX,76.93
323,FOSFX,Fidelity Overseas Fund,/quote/FOSFX?p=FOSFX,41.94
324,BCSSX,Brown Capital Management Small Company Fund Institutional Shares,/quote/BCSSX?p=BCSSX,86.10
325,TIBMX,Thornburg Investment Income Builder Fund Class R5,/quote/TIBMX?p=TIBMX,17.42
326,BARAX,Baron Asset Fund Retail Class,/quote/BARAX?p=BARAX,73.74
327,BCSIX,Brown Capital Management Small Company Fund Investor Shares,/quote/BCSIX?p=BCSIX,84.23
328,CFIMX,Clipper Fund,/quote/CFIMX?p=CFIMX,96.28
329,HNGIX,Harbor Global Leaders Fund Retirement Class,/quote/HNGIX?p=HNGIX,26.19
330,CAMOX,Cambiar Opportunity Fund Class Investor,/quote/CAMOX?p=CAMOX,17.86
331,POSKX,PRIMECAP Odyssey Stock Fund,/quote/POSKX?p=POSKX,26.33
332,FADCX,Fidelity Advisor Diversified International Fund Class C,/quote/FADCX?p=FADCX,19.12
333,CGMRX,CGM Realty Fund,/quote/CGMRX?p=CGMRX,18.20
334,NESYX,Natixis Funds Trust I U.S. Equity Opportunities Fund Class Y,/quote/NESYX?p=NESYX,35.74
335,FSRFX,Fidelity Select Transportation Portfolio,/quote/FSRFX?p=FSRFX,67.75
336,RAANX,Altegris/AACA Opportunistic Real Estate Fund N,/quote/RAANX?p=RAANX,15.92
337,RAAAX,Altegris/AACA Opportunistic Real Estate Fund A,/quote/RAAAX?p=RAAAX,15.92
338,DFDMX,DF Dent Midcap Growth Fund Investor Shares,/quote/DFDMX?p=DFDMX,23.96
339,FZABX,Fidelity Advisor Diversified International Fund Class Z,/quote/FZABX?p=FZABX,20.22
340,FDVAX,Fidelity Advisor Diversified International Fund Class A,/quote/FDVAX?p=FDVAX,19.91
341,WILNX,William Blair International Leaders Fund Class N Shares,/quote/WILNX?p=WILNX,14.93
342,FDVIX,Fidelity Advisor Diversified International Fund I Class,/quote/FDVIX?p=FDVIX,20.25
343,RAAIX,Altegris/AACA Opportunistic Real Estate Fund I,/quote/RAAIX?p=RAAIX,16.03
344,WILJX,William Blair International Leaders Fund R6 Class Shares,/quote/WILJX?p=WILJX,14.97
345,MGPIX,ProFunds Mid Cap Growth Fund Investor Class,/quote/MGPIX?p=MGPIX,75.47
346,NEFSX,Natixis Funds Trust I U.S. Equity Opportunities Fund Class A,/quote/NEFSX?p=NEFSX,29.93
347,FKKSX,Federated Kaufmann Small Cap Fund Class R Shares,/quote/FKKSX?p=FKKSX,36.77
348,TARKX,Tarkio Fund,/quote/TARKX?p=TARKX,14.95
349,VTRIX,Vanguard International Value Fund Investor Shares,/quote/VTRIX?p=VTRIX,28.40
350,CIPMX,Champlain Mid Cap Fund Advisor Class,/quote/CIPMX?p=CIPMX,16.50
351,DGLCX,BNY Mellon Global Stock Fund - Class C,/quote/DGLCX?p=DGLCX,18.57
352,DGLRX,BNY Mellon Global Stock Fund - Class I,/quote/DGLRX?p=DGLRX,19.53
353,DGLAX,BNY Mellon Global Stock Fund - Class A,/quote/DGLAX?p=DGLAX,19.23
354,CIPIX,Champlain Mid Cap Fund Institutional Class,/quote/CIPIX?p=CIPIX,16.90
355,IILGX,Thrivent Global Stock Fund Class S,/quote/IILGX?p=IILGX,19.61
356,VGISX,Virtus Duff & Phelps Global Real Estate Securities Fund Class I,/quote/VGISX?p=VGISX,25.94
357,VGSCX,Virtus Duff & Phelps Global Real Estate Securities Fund Class C,/quote/VGSCX?p=VGSCX,25.34
358,VRGEX,Virtus Duff & Phelps Global Real Estate Securities Fund Class R6,/quote/VRGEX?p=VRGEX,26.02
359,JDNAX,Janus Henderson Growth And Income Fund Class A,/quote/JDNAX?p=JDNAX,48.67
360,JENHX,Johnson Enhanced Return Fund,/quote/JENHX?p=JENHX,13.98
361,VGSAX,Virtus Duff & Phelps Global Real Estate Securities Fund Class A,/quote/VGSAX?p=VGSAX,26.66
362,SGIDX,Crossmark Steward Global Equity Income Fund Class A,/quote/SGIDX?p=SGIDX,24.96
363,VDIGX,Vanguard Dividend Growth Fund Investor Shares,/quote/VDIGX?p=VDIGX,25.92
364,MIEIX,MFS Institutional International Equity Fund,/quote/MIEIX?p=MIEIX,22.49
365,EKGCX,Wells Fargo Global Small Cap Fund Class C,/quote/EKGCX?p=EKGCX,20.73
366,EKGIX,Wells Fargo Global Small Cap Fund Class Inst,/quote/EKGIX?p=EKGIX,32.70
367,RINPX,Royce International Premier Fund Consultant Class,/quote/RINPX?p=RINPX,15.16
368,NMIMX,Columbia Large Cap Enhanced Core Fund Institutional Class,/quote/NMIMX?p=NMIMX,20.80
369,NMIAX,Columbia Large Cap Enhanced Core Fund Class A,/quote/NMIAX?p=NMIAX,20.84
370,BMRRX,BlackRock Mid-Cap Growth Equity Portfolio Class R,/quote/BMRRX?p=BMRRX,22.17
371,EKGYX,Wells Fargo Global Small Cap Fund Class Admin,/quote/EKGYX?p=EKGYX,32.86
372,EKGAX,Wells Fargo Global Small Cap Fund Class A,/quote/EKGAX?p=EKGAX,31.19
373,TGIRX,Thornburg International Value Fund Class R6,/quote/TGIRX?p=TGIRX,19.67
374,BMGCX,BlackRock Mid-Cap Growth Equity Portfolio Investor C Shares,/quote/BMGCX?p=BMGCX,17.44
375,BMGAX,BlackRock Mid-Cap Growth Equity Portfolio Investor A Shares,/quote/BMGAX?p=BMGAX,22.60
376,MPGFX,Mairs & Power Growth Fund Investor Class,/quote/MPGFX?p=MPGFX,105.08
377,SKTAX,SEI Asset Allocation Trust Core Market Strategy Allocation Fund Class F,/quote/SKTAX?p=SKTAX,15.79
378,VPCCX,Vanguard PRIMECAP Core Fund Investor Shares,/quote/VPCCX?p=VPCCX,22.01
379,TIVRX,Thornburg International Value Fund Class R5,/quote/TIVRX?p=TIVRX,19.75
380,TGVIX,Thornburg International Value Fund Class I,/quote/TGVIX?p=TGVIX,19.77
381,TGVAX,Thornburg International Value Fund Class A,/quote/TGVAX?p=TGVAX,19.10
382,TGVRX,Thornburg International Value Fund Class R3,/quote/TGVRX?p=TGVRX,19.11
383,CLNCX,Columbia Large Cap Enhanced Core Fund Institutional 2 Class,/quote/CLNCX?p=CLNCX,20.72
384,FRSSX,Nuveen Real Estate Securities Fund Class R3,/quote/FRSSX?p=FRSSX,16.54
385,FARCX,Nuveen Real Estate Securities Fund Class I,/quote/FARCX?p=FARCX,16.55
386,NWWOX,Virtus Vontobel Global Opportunities Fund Class A,/quote/NWWOX?p=NWWOX,14.52
387,WWOIX,Virtus Vontobel Global Opportunities Fund Class I,/quote/WWOIX?p=WWOIX,14.53
388,FREAX,Nuveen Real Estate Securities Fund Class A,/quote/FREAX?p=FREAX,16.25
389,FSRPX,Fidelity Select Retailing Portfolio,/quote/FSRPX?p=FSRPX,14.37
390,VITPX,Vanguard Institutional Total Stock Market Index Fund Institutional Plus Shares,/quote/VITPX?p=VITPX,55.84
391,VITNX,Vanguard Institutional Total Stock Market Index Fund Institutional Shares,/quote/VITNX?p=VITNX,55.84
392,SISAX,SEI Asset Allocation Trust Tax-Managed Aggressive Strategy Fund Class F,/quote/SISAX?p=SISAX,18.08
393,DDDAX,13D Activist Fund Class A,/quote/DDDAX?p=DDDAX,15.69
394,FSKAX,Fidelity Total Market Index Fund,/quote/FSKAX?p=FSKAX,73.98
395,TADGX,T. Rowe Price Dividend Growth Fund Advisor Class,/quote/TADGX?p=TADGX,44.53
396,POGSX,Pin Oak Equity Fund,/quote/POGSX?p=POGSX,59.45
397,POGRX,PRIMECAP Odyssey Growth Fund,/quote/POGRX?p=POGRX,32.00
398,BUFTX,Buffalo Discovery Fund,/quote/BUFTX?p=BUFTX,20.53
399,PDGIX,T. Rowe Price Dividend Growth Fund I Class,/quote/PDGIX?p=PDGIX,44.59
400,PRDGX,T. Rowe Price Dividend Growth Fund,/quote/PRDGX?p=PRDGX,44.60
401,MIOPX,"Morgan Stanley Institutional Fund, Inc. International Opportunity Portfolio Class A",/quote/MIOPX?p=MIOPX,22.46
402,NLCIX,Nuveen Large Cap Core Fund Class I,/quote/NLCIX?p=NLCIX,25.53
403,USAWX,USAA World Growth Fund,/quote/USAWX?p=USAWX,20.77
404,FMGIX,Frontier MFG Core Infrastructure Fund Institutional Class,/quote/FMGIX?p=FMGIX,15.62
405,NLACX,Nuveen Large Cap Core Fund Class A,/quote/NLACX?p=NLACX,25.60
406,USWGX,USAA World Growth Fund Adviser Shares,/quote/USWGX?p=USWGX,20.80
407,AOVIX,American Century Investments One Choice Portfolio: Very Aggressive Investor Class,/quote/AOVIX?p=AOVIX,14.33
408,FIVFX,Fidelity International Capital Appreciation Fund,/quote/FIVFX?p=FIVFX,19.34
409,FIDZX,Fidelity Advisor International Capital Appreciation Fund Class Z,/quote/FIDZX?p=FIDZX,20.38
410,EWENX,Wells Fargo Intrinsic World Equity Fund - Class Inst,/quote/EWENX?p=EWENX,17.27
411,HGITX,Hartford Core Equity Fund Class R5,/quote/HGITX?p=HGITX,29.48
412,POMIX,T. Rowe Price Total Equity Market Index Fund,/quote/POMIX?p=POMIX,29.01
413,SSHVX,Sound Shore Fund Institutional Class,/quote/SSHVX?p=SSHVX,31.69
414,AUENX,AQR Large Cap Defensive Style Fund Class N,/quote/AUENX?p=AUENX,20.06
415,QUERX,AQR Large Cap Defensive Style Fund Class R6,/quote/QUERX?p=QUERX,20.07
416,FCPAX,Fidelity Advisor International Capital Appreciation Fund Class A,/quote/FCPAX?p=FCPAX,19.06
417,AUEIX,AQR Large Cap Defensive Style Fund Class I,/quote/AUEIX?p=AUEIX,20.10
418,HGIYX,Hartford Core Equity Fund Class Y,/quote/HGIYX?p=HGIYX,29.61
419,NLCDX,Nuveen Large Cap Core Fund Class C,/quote/NLCDX?p=NLCDX,25.11
420,FCPCX,Fidelity Advisor International Capital Appreciation Fund Class C,/quote/FCPCX?p=FCPCX,16.69
421,JPFAX,JPMorgan Equity Focus Fund Class A,/quote/JPFAX?p=JPFAX,22.68
422,CAMIX,Cambiar International Equity Fund Investor Class,/quote/CAMIX?p=CAMIX,19.87
423,DDDIX,13D Activist Fund Class I,/quote/DDDIX?p=DDDIX,16.07
424,FIATX,Fidelity Advisor International Capital Appreciation Fund Class M,/quote/FIATX?p=FIATX,18.57
425,ZSCCX,Zacks Small-Cap Core Fund Investor Class,/quote/ZSCCX?p=ZSCCX,18.29
426,ZSCIX,Zacks Small-Cap Core Fund Institutional Class,/quote/ZSCIX?p=ZSCIX,18.59
427,HFCSX,Hennessy Focus Fund Investor Class,/quote/HFCSX?p=HFCSX,60.63
428,MMCFX,AMG Managers Emerging Opportunities Fund Class N,/quote/MMCFX?p=MMCFX,28.15
429,HFCIX,Hennessy Focus Fund Institutional Class,/quote/HFCIX?p=HFCIX,62.65
430,FLCGX,Meeder Quantex Fund Retail Class,/quote/FLCGX?p=FLCGX,24.61
431,QNTAX,Meeder Quantex Fund Adviser Class,/quote/QNTAX?p=QNTAX,24.68
432,QNTIX,Meeder Quantex Fund Institutional Class,/quote/QNTIX?p=QNTIX,24.68
433,DHMAX,Diamond Hill Small Mid Cap Fund Class A,/quote/DHMAX?p=DHMAX,15.32
434,KMDVX,Keeley Mid Cap Dividend Value Fund Class A,/quote/KMDVX?p=KMDVX,16.55
435,CBMSX,Wells Fargo C&B Mid Cap Value Fund - Class Inst,/quote/CBMSX?p=CBMSX,29.58
436,DHMIX,Diamond Hill Small Mid Cap Fund Class I,/quote/DHMIX?p=DHMIX,15.49
437,FSAIX,Fidelity Select Portfolios Air Transportation Portfolio,/quote/FSAIX?p=FSAIX,44.89
438,DHMYX,Diamond Hill Small-Mid Cap Fund Class Y,/quote/DHMYX?p=DHMYX,15.52
439,VEVCX,Victory Sycamore Established Value Fund Class C,/quote/VEVCX?p=VEVCX,28.83
440,ICSCX,ICM Small Company Portfolio,/quote/ICSCX?p=ICSCX,19.76
441,GETGX,Victory Sycamore Established Value Fund Class R,/quote/GETGX?p=GETGX,29.12
442,VEVIX,Victory Sycamore Established Value Fund Class I,/quote/VEVIX?p=VEVIX,29.57
443,VEVRX,Victory Sycamore Established Value Fund Class R6,/quote/VEVRX?p=VEVRX,29.58
444,BWLAX,American Beacon Bridgeway Large Cap Value Fund A Class,/quote/BWLAX?p=BWLAX,19.43
445,LVAEX,LSV Value Equity Fund Investor Class,/quote/LVAEX?p=LVAEX,19.45
446,JVAIX,JPMorgan Value Advantage Fund Class L,/quote/JVAIX?p=JVAIX,27.38
447,JVACX,JPMorgan Value Advantage Fund Class C,/quote/JVACX?p=JVACX,27.12
448,JVARX,JPMorgan Value Advantage Fund Class R5,/quote/JVARX?p=JVARX,27.32
449,BRLVX,American Beacon Bridgeway Large Cap Value Fund R5 Class,/quote/BRLVX?p=BRLVX,19.61
450,CAMYX,Cambiar International Equity Institutional,/quote/CAMYX?p=CAMYX,19.89
451,DDDCX,13D Activist Fund Class C,/quote/DDDCX?p=DDDCX,15.39
452,DODBX,Dodge & Cox Balanced Fund,/quote/DODBX?p=DODBX,82.05
453,FCPIX,Fidelity Advisor International Capital Appreciation Fund I Class,/quote/FCPIX?p=FCPIX,20.36
454,PAGLX,T. Rowe Price Global Growth Stock Fund Advisor Class,/quote/PAGLX?p=PAGLX,25.91
455,SGACX,Virtus SGA Global Growth C Class,/quote/SGACX?p=SGACX,18.73
456,FSPSX,Fidelity International Index Fund,/quote/FSPSX?p=FSPSX,33.58
457,DGIFX,The Disciplined Growth Investors Fund,/quote/DGIFX?p=DGIFX,17.90
458,FPRAX,FPA Paramount Fund,/quote/FPRAX?p=FPRAX,17.05
459,PRIUX,T. Rowe Price International Stock Fund I Class,/quote/PRIUX?p=PRIUX,14.94
460,SGAPX,Virtus SGA Global Growth I Class,/quote/SGAPX?p=SGAPX,19.81
461,LCIAX,SEI Institutional Investments Trust Large Cap Index Fund Class A,/quote/LCIAX?p=LCIAX,142.29
462,FCIVX,Frontier MFG Core Infrastructure Fund Service Class,/quote/FCIVX?p=FCIVX,15.65
463,FGFRX,Federated International Leaders Fund Class R,/quote/FGFRX?p=FGFRX,27.61
464,NOLCX,Northern Large Cap Core Fund,/quote/NOLCX?p=NOLCX,17.06
465,RRITX,T. Rowe Price International Stock Fund Class R,/quote/RRITX?p=RRITX,14.75
466,FGRSX,Federated International Leaders Fund Class R6 Shares,/quote/FGRSX?p=FGRSX,27.72
467,FGFAX,Federated International Leaders Fund Class A Shares,/quote/FGFAX?p=FGFAX,27.75
468,WMLIX,Wilmington Large-Cap Strategy Fund Class Institutional,/quote/WMLIX?p=WMLIX,20.21
469,PKSCX,Virtus KAR Small-Cap Core Fund Class C,/quote/PKSCX?p=PKSCX,26.45
470,HLMGX,Harding Loevner Global Equity Portfolio Advisor Class,/quote/HLMGX?p=HLMGX,31.98
471,PYVLX,Payden Equity Income Fund,/quote/PYVLX?p=PYVLX,14.90
472,PYVSX,Payden Equity Income Fund SI Class,/quote/PYVSX?p=PYVSX,14.91
473,RISAX,Manning & Napier Rainier International Discovery Series Class S,/quote/RISAX?p=RISAX,17.85
474,POAGX,PRIMECAP Odyssey Aggressive Growth Fund,/quote/POAGX?p=POAGX,35.67
475,PKSFX,Virtus KAR Small-Cap Core Fund Class I,/quote/PKSFX?p=PKSFX,34.08
476,AKRIX,Akre Focus Fund Institutional Class,/quote/AKRIX?p=AKRIX,41.85
477,SECEX,Guggenheim StylePlus - Large Core Fund Class A,/quote/SECEX?p=SECEX,17.87
478,SCGVX,Sands Capital Global Growth Fund Investor Shares,/quote/SCGVX?p=SCGVX,23.20
479,SCMGX,Sands Capital Global Growth Fund Institutional Shares,/quote/SCMGX?p=SCMGX,23.59
480,VTCLX,Vanguard Tax-Managed Capital Appreciation Fund Admiral Shares,/quote/VTCLX?p=VTCLX,136.92
481,VSCRX,Virtus KAR Small-Cap Core Fund Class R6,/quote/VSCRX?p=VSCRX,34.21
482,GEQYX,GuideStone Funds Equity Index Fund Institutional Class,/quote/GEQYX?p=GEQYX,29.46
483,VHGEX,Vanguard Global Equity Fund Investor Shares,/quote/VHGEX?p=VHGEX,25.71
484,AKRSX,Akre Focus Fund Supra Institutional Class,/quote/AKRSX?p=AKRSX,42.03
485,VTCIX,Vanguard Tax-Managed Capital Appreciation Fund Institutional Shares,/quote/VTCIX?p=VTCIX,68.04
486,NOSIX,Northern Stock Index Fund,/quote/NOSIX?p=NOSIX,30.66
487,PAITX,T. Rowe Price International Stock Fund Advisor Class,/quote/PAITX?p=PAITX,14.96
488,HLMVX,Harding Loevner Global Equity Portfolio Institutional Class,/quote/HLMVX?p=HLMVX,31.96
489,SFEPX,Guggenheim StylePlus - Large Core Fund Class P,/quote/SFEPX?p=SFEPX,17.64
490,SPIIX,SEI Institutional Managed Trust S&P 500 Index Fund Class I,/quote/SPIIX?p=SPIIX,60.28
491,PKSAX,Virtus KAR Small-Cap Core Fund Class A,/quote/PKSAX?p=PKSAX,32.16
492,SPINX,SEI Institutional Investments Trust S&P 500 Index Fund Class A,/quote/SPINX?p=SPINX,14.12
493,AKREX,Akre Focus Fund Retail Class,/quote/AKREX?p=AKREX,40.78
494,MYSPX,MainStay MacKay S&P 500 Index Fund Investor Class,/quote/MYSPX?p=MYSPX,37.05
495,DSPIX,BNY Mellon Institutional S&P 500 Stock Index Fund Class I,/quote/DSPIX?p=DSPIX,49.68
496,SVSPX,State Street S&P 500 Index Fund Class N,/quote/SVSPX?p=SVSPX,32.24
497,SSPIX,SEI Institutional Managed Trust S&P 500 Index Fund Class F,/quote/SSPIX?p=SSPIX,59.90
498,TRRKX,T. Rowe Price Retirement 2045 Fund,/quote/TRRKX?p=TRRKX,15.23
499,BSPIX,iShares S&P 500 Index Fund Institutional Shares,/quote/BSPIX?p=BSPIX,317.04
500,MIGPX,"Morgan Stanley Institutional Fund, Inc. Global Advantage Portfolio Class A",/quote/MIGPX?p=MIGPX,15.77
501,BSPAX,iShares S&P 500 Index Fund Investor A Shares,/quote/BSPAX?p=BSPAX,316.86
502,MIGIX,"Morgan Stanley Institutional Fund, Inc. Global Advantage Portfolio Class I",/quote/MIGIX?p=MIGIX,16.13
503,FXAIX,Fidelity 500 Index Fund,/quote/FXAIX?p=FXAIX,92.88
504,PREIX,T. Rowe Price Equity Index 500 Fund,/quote/PREIX?p=PREIX,71.07
505,BTIIX,DWS Equity 500 Index Fund - Class Inst,/quote/BTIIX?p=BTIIX,163.90
506,PRUIX,T. Rowe Price Equity Index 500 Fund I Class,/quote/PRUIX?p=PRUIX,71.09
507,FTCLX,Franklin Corefolio Allocation Fund Class C,/quote/FTCLX?p=FTCLX,16.29
508,DHLSX,Diamond Hill Long Short Fund Class I,/quote/DHLSX?p=DHLSX,21.28
509,VINIX,Vanguard Institutional Index Fund Institutional Shares,/quote/VINIX?p=VINIX,239.47
510,NINDX,Columbia Large Cap Index Fund Institutional Class,/quote/NINDX?p=NINDX,42.93
511,VIIIX,Vanguard Institutional Index Fund Institutional Plus Shares,/quote/VIIIX?p=VIIIX,239.49
512,CLXRX,Columbia Large Cap Index Fund Institutional 2 Class,/quote/CLXRX?p=CLXRX,43.64
513,GEQZX,GuideStone Funds Equity Index Fund Investor Class,/quote/GEQZX?p=GEQZX,29.46
514,BTIEX,DWS Equity 500 Index Fund - Class S,/quote/BTIEX?p=BTIEX,160.95
515,SXPCX,DWS S&P 500 Index Fund - Class C,/quote/SXPCX?p=SXPCX,27.74
516,PDSIX,PGIM QMA Stock Index Fund- Class I,/quote/PDSIX?p=PDSIX,37.26
517,PSIFX,PGIM QMA Stock Index Fund- Class Z,/quote/PSIFX?p=PSIFX,37.27
518,AGOZX,Alger Small Cap Focus Fund Class Z,/quote/AGOZX?p=AGOZX,18.99
519,RRTRX,T. Rowe Price Retirement 2045 Fund Class R,/quote/RRTRX?p=RRTRX,14.94
520,NEIAX,Columbia Large Cap Index Fund Class A,/quote/NEIAX?p=NEIAX,42.65
521,MSPTX,"Morgan Stanley Institutional Fund, Inc. Global Advantage Portfolio Class C",/quote/MSPTX?p=MSPTX,14.82
522,PSICX,PGIM QMA Stock Index Fund- Class C,/quote/PSICX?p=PSICX,36.65
523,SXPAX,DWS S&P 500 Index Fund - Class A,/quote/SXPAX?p=SXPAX,27.83
524,DIAYX,Diamond Hill Long-Short Fund Class Y,/quote/DIAYX?p=DIAYX,21.38
525,JPIEX,JPMorgan U.S. Research Enhanced Equity Fund Class L,/quote/JPIEX?p=JPIEX,22.80
526,TBGVX,"Tweedy, Browne Global Value Fund",/quote/TBGVX?p=TBGVX,22.36
527,PSIAX,PGIM QMA Stock Index Fund- Class A,/quote/PSIAX?p=PSIAX,37.08
528,VHCOX,Vanguard Capital Opportunity Fund Investor Shares,/quote/VHCOX?p=VHCOX,55.24
529,VRISX,Virtus KAR International Small-Cap Fund Class R6,/quote/VRISX?p=VRISX,14.61
530,NBQFX,Nuveen International Growth Fund Class R6,/quote/NBQFX?p=NBQFX,39.04
531,ILLLX,Transamerica Capital Growth Fund Class C,/quote/ILLLX?p=ILLLX,18.95
532,RRCOX,T. Rowe Price U.S. Equity Research Fund R Class,/quote/RRCOX?p=RRCOX,25.41
533,JTSSX,JPMorgan SmartRetirement 2050 Fund Class I,/quote/JTSSX?p=JTSSX,16.98
534,VHCAX,Vanguard Capital Opportunity Fund Admiral Shares,/quote/VHCAX?p=VHCAX,127.56
535,JDEAX,JPMorgan U.S. Research Enhanced Equity Fund Class A,/quote/JDEAX?p=JDEAX,22.58
536,JTSIX,JPMorgan SmartRetirement 2050 Fund Class R5,/quote/JTSIX?p=JTSIX,17.02
537,JTSYX,JPMorgan SmartRetirement 2050 Fund Class R6,/quote/JTSYX?p=JTSYX,17.03
538,DHFCX,Diamond Hill Long Short Fund Class C,/quote/DHFCX?p=DHFCX,18.16
539,PACOX,T. Rowe Price U.S. Equity Research Fund Advisor Class,/quote/PACOX?p=PACOX,25.53
540,RAIIX,Manning & Napier Rainier International Discovery Series Class I,/quote/RAIIX?p=RAIIX,18.03
541,PARLX,T. Rowe Price Retirement 2045 Fund Advisor Class,/quote/PARLX?p=PARLX,15.12
542,PRCOX,T. Rowe Price U.S. Equity Research Fund,/quote/PRCOX?p=PRCOX,25.59
543,PCCOX,T. Rowe Price U.S. Equity Research Fund I Class,/quote/PCCOX?p=PCCOX,25.60
544,GILIX,Guggenheim StylePlus - Large Core Fund Institutional,/quote/GILIX?p=GILIX,17.71
545,CAGIX,Calvert Growth Allocation Fund Class I,/quote/CAGIX?p=CAGIX,17.64
546,RYLIX,Rydex Leisure Fund Class Investor,/quote/RYLIX?p=RYLIX,55.72
547,FCAZX,Franklin Corefolio Allocation Fund Advisor Class,/quote/FCAZX?p=FCAZX,16.54
548,GVMCX,Government Street Mid-Cap Fund,/quote/GVMCX?p=GVMCX,24.35
549,TIIRX,TIAA-CREF Growth & Income Fund Retail Class,/quote/TIIRX?p=TIIRX,16.65
550,RYLCX,Rydex Leisure Fund Class C,/quote/RYLCX?p=RYLCX,44.62
551,SGRKX,Wells Fargo Growth Fund - Class Admin,/quote/SGRKX?p=SGRKX,33.78
552,SGRHX,Wells Fargo Growth Fund - Class R6,/quote/SGRHX?p=SGRHX,37.70
553,JMBRX,JPMorgan SmartRetirement Blend 2045 Fund Class R5,/quote/JMBRX?p=JMBRX,20.27
554,JMYAX,JPMorgan SmartRetirement Blend 2045 Fund Class R6,/quote/JMYAX?p=JMYAX,20.29
555,VGIAX,Vanguard Growth and Income Fund Admiral Shares,/quote/VGIAX?p=VGIAX,69.90
556,SGRNX,Wells Fargo Growth Fund - Class Inst,/quote/SGRNX?p=SGRNX,37.55
557,TIQIX,Touchstone Global ESG Equity Fund - Class Y,/quote/TIQIX?p=TIQIX,17.95
558,CSXAX,Calvert US Large Cap Core Responsible Index Fund Class A,/quote/CSXAX?p=CSXAX,22.60
559,TROCX,Touchstone Global ESG Equity Fund - Class I,/quote/TROCX?p=TROCX,17.97
560,VQNPX,Vanguard Growth and Income Fund Investor Shares,/quote/VQNPX?p=VQNPX,42.82
561,SGRAX,Wells Fargo Growth Fund - Class A,/quote/SGRAX?p=SGRAX,28.31
562,HLMNX,Harding Loevner International Equity Portfolio Investor Class,/quote/HLMNX?p=HLMNX,19.32
563,GINNX,Guinness Atkinson Global Innovators Fund Institutional Class,/quote/GINNX?p=GINNX,39.30
564,HLMIX,Harding Loevner International Equity Portfolio Institutional Class,/quote/HLMIX?p=HLMIX,19.33
565,TEQAX,Touchstone Global ESG Equity Fund - Class A,/quote/TEQAX?p=TEQAX,17.29
566,MGGIX,"Morgan Stanley Institutional Fund, Inc. Global Opportunity Portfolio Class I",/quote/MGGIX?p=MGGIX,25.93
567,IWIRX,Guinness Atkinson Global Innovators Fund Investor Class,/quote/IWIRX?p=IWIRX,39.13
568,JTSCX,JPMorgan SmartRetirement 2050 Fund Class C,/quote/JTSCX?p=JTSCX,16.70
569,CISIX,Calvert US Large Cap Core Responsible Index Fund Class I,/quote/CISIX?p=CISIX,23.18
570,GQETX,GMO Quality Fund Class III,/quote/GQETX?p=GQETX,21.15
571,USSPX,USAA 500 Index Fund Member Shares,/quote/USSPX?p=USSPX,36.66
572,USPRX,USAA 500 Index Fund Reward Shares,/quote/USPRX?p=USPRX,36.68
573,JNGLX,Janus Henderson Global Life Sciences Fund Class D,/quote/JNGLX?p=JNGLX,53.38
574,TRRDX,T. Rowe Price Retirement 2040 Fund,/quote/TRRDX?p=TRRDX,22.47
575,JFNIX,Janus Henderson Global Life Sciences Fund Class I,/quote/JFNIX?p=JFNIX,53.47
576,JAGLX,Janus Henderson Global Life Sciences Fund Class T,/quote/JAGLX?p=JAGLX,53.12
577,JFNAX,Janus Henderson Global Life Sciences Fund Class A,/quote/JFNAX?p=JFNAX,52.42
578,IMIDX,Congress Mid Cap Growth Fund Institutional Class,/quote/IMIDX?p=IMIDX,18.49
579,JFNSX,Janus Henderson Global Life Sciences Fund Class S,/quote/JFNSX?p=JFNSX,51.46
580,TDMTX,Templeton Developing Markets Trust Class C,/quote/TDMTX?p=TDMTX,16.81
581,CSXCX,Calvert US Large Cap Core Responsible Index Fund Class C,/quote/CSXCX?p=CSXCX,21.21
582,JFNCX,Janus Henderson Global Life Sciences Fund Class C,/quote/JFNCX?p=JFNCX,47.56
583,PARDX,T. Rowe Price Retirement 2040 Fund Advisor Class,/quote/PARDX?p=PARDX,22.25
584,POLIX,Polen Growth Fund Institutional Class,/quote/POLIX?p=POLIX,30.94
585,CMIDX,Congress Mid Cap Growth Fund Retail Class,/quote/CMIDX?p=CMIDX,18.23
586,QMORX,AQR Large Cap Momentum Style Fund Class R6,/quote/QMORX?p=QMORX,18.32
587,PRIDX,T. Rowe Price International Discovery Fund,/quote/PRIDX?p=PRIDX,55.52
588,POLRX,Polen Growth Fund Investor Class,/quote/POLRX?p=POLRX,30.26
589,OMSIX,Invesco Oppenheimer Main Street Fund Class R6,/quote/OMSIX?p=OMSIX,39.37
590,MIGYX,Invesco Oppenheimer Main Street Fund Class Y,/quote/MIGYX?p=MIGYX,39.41
591,RRTDX,T. Rowe Price Retirement 2040 Fund Class R,/quote/RRTDX?p=RRTDX,22.09
592,TIDDX,T. Rowe Price International Discovery Fund I Class,/quote/TIDDX?p=TIDDX,55.61
593,FWIFX,Fidelity Advisor Worldwide Fund I Class,/quote/FWIFX?p=FWIFX,23.84
594,INPIX,ProFunds Internet UltraSector Fund Investor Class,/quote/INPIX?p=INPIX,76.65
595,OMGNX,Invesco Oppenheimer Main Street Fund Class R,/quote/OMGNX?p=OMGNX,38.79
596,FWCFX,Fidelity Advisor Worldwide Fund Class C,/quote/FWCFX?p=FWCFX,22.77
597,INPSX,ProFunds Internet UltraSector Fund Service Class,/quote/INPSX?p=INPSX,58.94
598,FWWFX,Fidelity Worldwide Fund,/quote/FWWFX?p=FWWFX,23.99
599,FWAFX,Fidelity Advisor Worldwide Fund Class A,/quote/FWAFX?p=FWAFX,23.67
600,VPMAX,Vanguard PRIMECAP Fund Admiral Shares,/quote/VPMAX?p=VPMAX,117.29
601,VPMCX,Vanguard PRIMECAP Fund Investor Shares,/quote/VPMCX?p=VPMCX,113.17
602,PAGSX,T. Rowe Price Global Stock Fund Advisor Class,/quote/PAGSX?p=PAGSX,38.81
603,TGCNX,TCW Select Equities Fund Class N,/quote/TGCNX?p=TGCNX,21.64
604,FWTFX,Fidelity Advisor Worldwide Fund Class M,/quote/FWTFX?p=FWTFX,23.49
605,JSMVX,Jackson Square SMID-Cap Growth Fund Investor Class,/quote/JSMVX?p=JSMVX,19.72
606,SDLAX,SEI Institutional Investments Trust Dynamic Asset Allocation Fund Class A,/quote/SDLAX?p=SDLAX,16.86
607,MIPTX,Matthews Pacific Tiger Fund Institutional Class,/quote/MIPTX?p=MIPTX,23.60
608,SMTSX,JPMorgan SmartRetirement 2040 Fund Class I,/quote/SMTSX?p=SMTSX,17.64
609,FSMEX,Fidelity Select Medical Technology and Devices Portfolio,/quote/FSMEX?p=FSMEX,51.88
610,MAPTX,Matthews Pacific Tiger Fund Investor Class,/quote/MAPTX?p=MAPTX,23.63
611,PRGSX,T. Rowe Price Global Stock Fund,/quote/PRGSX?p=PRGSX,39.26
612,FEATX,Fidelity Advisor Emerging Asia Fund Class M,/quote/FEATX?p=FEATX,35.57
613,DCGTX,Jackson Square SMID-Cap Growth Fund IS Class,/quote/DCGTX?p=DCGTX,19.91
614,JSMTX,Jackson Square SMID-Cap Growth Fund Institutional Class,/quote/JSMTX?p=JSMTX,19.91
615,CYPIX,ProFunds Consumer Services UltraSector Fund Investor Class,/quote/CYPIX?p=CYPIX,36.61
616,FFNOX,Fidelity Four-in-One Index Fund,/quote/FFNOX?p=FFNOX,40.99
617,SMTCX,JPMorgan SmartRetirement 2040 Fund Class C,/quote/SMTCX?p=SMTCX,17.28
618,SMTYX,JPMorgan SmartRetirement 2040 Fund Class R6,/quote/SMTYX?p=SMTYX,17.70
619,SMTIX,JPMorgan SmartRetirement 2040 Fund Class R5,/quote/SMTIX?p=SMTIX,17.70
620,FERCX,Fidelity Advisor Emerging Asia Fund Class C,/quote/FERCX?p=FERCX,32.87
621,SVOAX,SEI Institutional Managed Trust U.S. Managed Volatility Fund Class F,/quote/SVOAX?p=SVOAX,14.42
622,SUSYX,SEI Institutional Managed Trust U.S. Managed Volatility Fund Class Y,/quote/SUSYX?p=SUSYX,14.42
623,SEVIX,SEI Institutional Managed Trust U.S. Managed Volatility Fund Class I,/quote/SEVIX?p=SEVIX,14.42
624,CYPSX,ProFunds Consumer Services UltraSector Fund Service Class,/quote/CYPSX?p=CYPSX,31.25
625,FERIX,Fidelity Advisor Emerging Asia Fund I Class,/quote/FERIX?p=FERIX,37.91
626,JOBBX,JPMorgan SmartRetirement Blend 2040 Fund Class R5,/quote/JOBBX?p=JOBBX,20.36
627,SBCEX,BNY Mellon Diversified Emerging Markets Fund Class I,/quote/SBCEX?p=SBCEX,19.33
628,TRULX,T. Rowe Price U.S. Large-Cap Core Fund,/quote/TRULX?p=TRULX,22.16
629,PAULX,T. Rowe Price U.S. Large-Cap Core Fund Advisor Class,/quote/PAULX?p=PAULX,22.17
630,RCLIX,T. Rowe Price U.S. Large-Cap Core Fund I Class,/quote/RCLIX?p=RCLIX,22.18
631,SMTAX,JPMorgan SmartRetirement 2040 Fund Class A,/quote/SMTAX?p=SMTAX,17.58
632,PRGIX,T. Rowe Price Growth and Income Fund,/quote/PRGIX?p=PRGIX,25.05
633,PARKX,T. Rowe Price Retirement 2035 Fund Advisor Class,/quote/PARKX?p=PARKX,15.87
634,MGLBX,Marsico Global Fund,/quote/MGLBX?p=MGLBX,15.55
635,LSGRX,Loomis Sayles Growth Fund Class Y,/quote/LSGRX?p=LSGRX,16.50
636,DBECX,BNY Mellon Diversified Emerging Markets Fund Class C,/quote/DBECX?p=DBECX,18.29
637,TRRJX,T. Rowe Price Retirement 2035 Fund,/quote/TRRJX?p=TRRJX,15.95
638,ATERX,AB Sustainable Global Thematic Fund Class R,/quote/ATERX?p=ATERX,104.45
639,AWEIX,CIBC Atlas Disciplined Equity Fund Institutional Class,/quote/AWEIX?p=AWEIX,19.19
640,JOBEX,JPMorgan SmartRetirement Blend 2040 Fund Class I,/quote/JOBEX?p=JOBEX,20.35
641,COGRX,Columbia Select Global Growth Fund Class R,/quote/COGRX?p=COGRX,14.31
642,RRTPX,T. Rowe Price Retirement 2035 Fund Class R,/quote/RRTPX?p=RRTPX,15.67
643,BLYAX,American Beacon Bridgeway Large Cap Growth Fund A Class,/quote/BLYAX?p=BLYAX,24.83
644,FOCCX,AIG Focused Growth Fund Class C,/quote/FOCCX?p=FOCCX,19.41
645,LGRCX,Loomis Sayles Growth Fund Class C,/quote/LGRCX?p=LGRCX,13.91
646,TGTIX,T. Rowe Price Growth and Income Fund I Class,/quote/TGTIX?p=TGTIX,25.06
647,SBYEX,BNY Mellon Diversified Emerging Markets Fund Class Y,/quote/SBYEX?p=SBYEX,19.34
648,CADIX,Columbia Select Global Growth Fund Institutional 2 Class,/quote/CADIX?p=CADIX,15.17
649,ADGKX,AB Core Opportunities Fund Class K,/quote/ADGKX?p=ADGKX,17.02
650,ADGYX,AB Core Opportunities Fund Advisor Class,/quote/ADGYX?p=ADGYX,17.45
651,BLYYX,American Beacon Bridgeway Large Cap Growth Fund Y Class,/quote/BLYYX?p=BLYYX,25.03
652,GURIX,Guggenheim Risk Managed Real Estate Fund Institutional,/quote/GURIX?p=GURIX,28.92
653,GURAX,Guggenheim Risk Managed Real Estate Fund Class A,/quote/GURAX?p=GURAX,28.56
654,LGRNX,Loomis Sayles Growth Fund Class N,/quote/LGRNX?p=LGRNX,16.49
655,STVYX,SEI Institutional Managed Trust Tax-Managed Managed Volatility Fund Class Y,/quote/STVYX?p=STVYX,14.86
656,FPACX,FPA Crescent Fund,/quote/FPACX?p=FPACX,27.82
657,FOCWX,AIG Focused Growth Fund Class W,/quote/FOCWX?p=FOCWX,21.70
658,NWJFX,Nationwide Ziegler NYSE Arca Tech 100 Index Fund Institutional Service Class,/quote/NWJFX?p=NWJFX,83.97
659,LGRRX,Loomis Sayles Growth Fund Class A,/quote/LGRRX?p=LGRRX,15.38
660,JMUEX,JPMorgan U.S. Equity Fund Class L,/quote/JMUEX?p=JMUEX,13.73
661,JUSRX,JPMorgan U.S. Equity Fund Class R5,/quote/JUSRX?p=JUSRX,13.74
662,TFSCX,Templeton Institutional Foreign Smaller Companies Series Advisor,/quote/TFSCX?p=TFSCX,15.20
663,ADGZX,AB Core Opportunities Fund Class Z,/quote/ADGZX?p=ADGZX,17.74
664,USSCX,USAA Science & Technology Fund,/quote/USSCX?p=USSCX,20.10
665,NLCGX,Nuveen Large Cap Growth Fund Class C,/quote/NLCGX?p=NLCGX,21.43
666,FEYTX,Fidelity Advisor Asset Manager 85% Fund Class M,/quote/FEYTX?p=FEYTX,16.43
667,JPDEX,JPMorgan Tax Aware Equity Fund Class I,/quote/JPDEX?p=JPDEX,31.61
668,FSCSX,Fidelity Select Software & IT Services Portfolio,/quote/FSCSX?p=FSCSX,17.97
669,NLIGX,Nuveen Large Cap Growth Fund Class I,/quote/NLIGX?p=NLIGX,22.35
670,FEYAX,Fidelity Advisor Asset Manager 85% Fund Class A,/quote/FEYAX?p=FEYAX,16.54
671,JPEAX,JPMorgan Tax Aware Equity Fund Class A,/quote/JPEAX?p=JPEAX,31.41
672,GGGAX,Gabelli Global Growth Fund Class A,/quote/GGGAX?p=GGGAX,31.65
673,TRSGX,T. Rowe Price Spectrum Moderate Growth Allocation Fund,/quote/TRSGX?p=TRSGX,30.08
674,FTQGX,Fidelity Focused Stock Fund,/quote/FTQGX?p=FTQGX,22.78
675,FEYIX,Fidelity Advisor Asset Manager 85% Fund I Class,/quote/FEYIX?p=FEYIX,16.66
676,FEYCX,Fidelity Advisor Asset Manager 85% Fund Class C,/quote/FEYCX?p=FEYCX,16.26
677,TMMAX,SEI Institutional Managed Trust Tax-Managed Volatility Fund Class F,/quote/TMMAX?p=TMMAX,14.86
678,TGIPX,T. Rowe Price Spectrum Moderate Growth Allocation Fund I Class,/quote/TGIPX?p=TGIPX,30.15
679,FAMRX,Fidelity Asset Manager 85% Fund,/quote/FAMRX?p=FAMRX,16.70
680,BIGFX,Baron International Growth Fund Retail Shares,/quote/BIGFX?p=BIGFX,19.76
681,BHSRX,BlackRock Health Sciences Opportunities Portfolio Class R,/quote/BHSRX?p=BHSRX,56.34
682,LCCCX,Columbia Contrarian Core Fund Class C,/quote/LCCCX?p=LCCCX,20.08
683,SHSSX,BlackRock Health Sciences Opportunities Portfolio Institutional Shares,/quote/SHSSX?p=SHSSX,60.88
684,PRMSX,T. Rowe Price Emerging Markets Stock Fund,/quote/PRMSX?p=PRMSX,37.51
685,SGIEX,Columbia Contrarian Core Fund Class V,/quote/SGIEX?p=SGIEX,22.22
686,SHSAX,BlackRock Health Sciences Opportunities Portfolio Investor A Shares,/quote/SHSAX?p=SHSAX,57.73
687,SHSKX,BlackRock Health Sciences Opportunities Portfolio Class K,/quote/SHSKX?p=SHSKX,60.95
688,CVTCX,Calamos Growth & Income Fund Class C,/quote/CVTCX?p=CVTCX,29.81
689,SMGIX,Columbia Contrarian Core Fund Institutional Class,/quote/SMGIX?p=SMGIX,22.67
690,PRZIX,T. Rowe Price Emerging Markets Stock Fund I Class,/quote/PRZIX?p=PRZIX,37.61
691,COFYX,Columbia Contrarian Core Fund Institutional 3 Class,/quote/COFYX?p=COFYX,23.10
692,CORRX,Columbia Contrarian Core Fund Advisor Class,/quote/CORRX?p=CORRX,23.11
693,PRASX,T. Rowe Price New Asia Fund,/quote/PRASX?p=PRASX,16.73
694,SHSCX,BlackRock Health Sciences Opportunities Portfolio Investor C Shares,/quote/SHSCX?p=SHSCX,49.83
695,SHISX,BlackRock Health Sciences Opportunities Portfolio Service Shares,/quote/SHISX?p=SHISX,57.95
696,PARCX,T. Rowe Price Retirement 2030 Fund Advisor Class,/quote/PARCX?p=PARCX,21.80
697,MIPIX,Matthews Asia Dividend Fund Institutional Class,/quote/MIPIX?p=MIPIX,14.48
698,CGIIX,Calamos Growth & Income Fund Institutional Class,/quote/CGIIX?p=CGIIX,28.28
699,FZAHX,Fidelity Advisor Growth Opportunities Fund Class Z,/quote/FZAHX?p=FZAHX,85.20
700,JVAYX,JPMorgan Value Advantage Fund Class R6,/quote/JVAYX?p=JVAYX,27.35
701,FSCRX,Fidelity Small Cap Discovery Fund,/quote/FSCRX?p=FSCRX,15.58
702,JVASX,JPMorgan Value Advantage Fund Class I,/quote/JVASX?p=JVASX,27.36
703,JVAAX,JPMorgan Value Advantage Fund Class A,/quote/JVAAX?p=JVAAX,27.21
704,WAAEX,Wasatch Small Cap Growth Fund Investor Class,/quote/WAAEX?p=WAAEX,31.17
705,FNORX,Fidelity Nordic Fund,/quote/FNORX?p=FNORX,39.12
706,GWEIX,AMG GW&K Small Cap Core Fund Class I,/quote/GWEIX?p=GWEIX,19.65
707,MSCFX,Mairs & Power Small Cap Fund,/quote/MSCFX?p=MSCFX,19.22
708,DISIX,BNY Mellon Small Cap Stock Index Fund Class I,/quote/DISIX?p=DISIX,19.95
709,GWETX,AMG GW&K Small Cap Core Fund Class N,/quote/GWETX?p=GWETX,19.28
710,TFIFX,T. Rowe Price Financial Services Fund I Class,/quote/TFIFX?p=TFIFX,20.50
711,PRISX,T. Rowe Price Financial Services Fund,/quote/PRISX?p=PRISX,20.50
712,WEMMX,TETON Westwood Mighty Mites Fund Class AAA,/quote/WEMMX?p=WEMMX,18.84
713,VTMSX,Vanguard Tax-Managed Small Cap Fund Admiral Shares,/quote/VTMSX?p=VTMSX,47.67
714,VTSIX,Vanguard Tax-Managed Small-Cap Fund Institutional Shares,/quote/VTSIX?p=VTSIX,47.78
715,VASVX,Vanguard Selected Value Fund Investor Shares,/quote/VASVX?p=VASVX,18.21
716,WMMAX,TETON Westwood Mighty Mites Fund Class A,/quote/WMMAX?p=WMMAX,17.98
717,WEIMX,TETON Westwood Mighty Mites Class Institutional,/quote/WEIMX?p=WEIMX,19.41
718,WMMCX,TETON Westwood Mighty Mites Fund Class C,/quote/WMMCX?p=WMMCX,15.45
719,DISSX,BNY Mellon Small Cap Stock Index Fund Investor Shares,/quote/DISSX?p=DISSX,19.99
720,SFDYX,SEI Institutional Managed Trust Mid-Cap Fund Class Y,/quote/SFDYX?p=SFDYX,19.04
721,SEMCX,SEI Institutional Managed Trust Mid-Cap Portfolio Fund Class F,/quote/SEMCX?p=SEMCX,19.03
722,SSSJX,State Street Dynamic Small Cap Fund Class I,/quote/SSSJX?p=SSSJX,37.66
723,FSPCX,Fidelity Select Insurance Portfolio,/quote/FSPCX?p=FSPCX,47.66
724,CAECX,Columbia Acorn European Fund Class C,/quote/CAECX?p=CAECX,16.42
725,PRHSX,T. Rowe Price Health Sciences Fund,/quote/PRHSX?p=PRHSX,71.36
726,THISX,T. Rowe Price Health Sciences Fund I Class,/quote/THISX?p=THISX,71.37
727,BINIX,Baron International Growth Fund Institutional Shares,/quote/BINIX?p=BINIX,20.07
728,CCCRX,Columbia Contrarian Core Fund Class R,/quote/CCCRX?p=CCCRX,22.50
729,TRRCX,T. Rowe Price Retirement 2030 Fund,/quote/TRRCX?p=TRRCX,22.00
730,SAISX,SA International Small Company Fund Investor Class,/quote/SAISX?p=SAISX,14.88
731,IEMFX,T. Rowe Price Institutional Emerging Markets Equity Fund,/quote/IEMFX?p=IEMFX,34.06
732,RRTCX,T. Rowe Price Retirement 2030 Fund Class R,/quote/RRTCX?p=RRTCX,21.60
733,CVTRX,Calamos Growth & Income Fund Class A,/quote/CVTRX?p=CVTRX,29.56
734,GBATX,GMO Strategic Opportunities Allocation Fund Class III,/quote/GBATX?p=GBATX,16.89
735,MSFLX,"Morgan Stanley Institutional Fund, Inc. Global Franchise Portfolio Class L",/quote/MSFLX?p=MSFLX,24.45
736,VWIGX,Vanguard International Growth Fund Investor Shares,/quote/VWIGX?p=VWIGX,27.76
737,EGFFX,Edgewood Growth Fund Retail Class,/quote/EGFFX?p=EGFFX,32.97
738,FTISX,Fidelity Advisor International Small Cap Fund Class M,/quote/FTISX?p=FTISX,20.44
739,FISMX,Fidelity International Small Cap Fund,/quote/FISMX?p=FISMX,20.91
740,JEMSX,JPMorgan Emerging Markets Equity Fund Class I,/quote/JEMSX?p=JEMSX,26.55
741,VWILX,Vanguard International Growth Fund Admiral Shares,/quote/VWILX?p=VWILX,88.30
742,FIASX,Fidelity Advisor International Small Cap Fund Class A,/quote/FIASX?p=FIASX,20.51
743,FGTRX,Franklin Growth Allocation Fund Class R,/quote/FGTRX?p=FGTRX,15.38
744,EGFIX,Edgewood Growth Fund Class Institutional,/quote/EGFIX?p=EGFIX,34.57
745,FIXIX,Fidelity Advisor International Small Cap Fund Class I,/quote/FIXIX?p=FIXIX,21.04
746,VASGX,Vanguard LifeStrategy Growth Fund Investor Shares,/quote/VASGX?p=VASGX,30.49
747,TSNIX,T. Rowe Price Science and Technology Fund I Class,/quote/TSNIX?p=TSNIX,36.94
748,PRSCX,T. Rowe Price Science and Technology Fund,/quote/PRSCX?p=PRSCX,36.95
749,FICSX,Fidelity Advisor International Small Cap Fund Class C,/quote/FICSX?p=FICSX,19.81
750,LCGFX,William Blair Large Cap Growth Fund Class I,/quote/LCGFX?p=LCGFX,14.45
751,JENIX,Jensen Quality Growth Fund Class I,/quote/JENIX?p=JENIX,43.94
752,SICWX,Touchstone Large Cap Focused Fund Class Y,/quote/SICWX?p=SICWX,36.06
753,VWUAX,Vanguard U.S. Growth Fund Admiral Shares,/quote/VWUAX?p=VWUAX,100.30
754,SCSCX,Touchstone Large Cap Focused Fund Class C,/quote/SCSCX?p=SCSCX,33.58
755,JPBRX,JPMorgan SmartRetirement Blend 2035 Fund Class R5,/quote/JPBRX?p=JPBRX,20.25
756,JPYRX,JPMorgan SmartRetirement Blend 2035 Fund Class R6,/quote/JPYRX?p=JPYRX,20.26
757,JENYX,Jensen Quality Growth Fund Class Y,/quote/JENYX?p=JENYX,43.93
758,BUFEX,Buffalo Large Cap Fund,/quote/BUFEX?p=BUFEX,30.27
759,SENCX,Touchstone Large Cap Focused Fund Class A,/quote/SENCX?p=SENCX,36.20
760,UIGRX,USAA Growth Fund Institutional Shares,/quote/UIGRX?p=UIGRX,23.07
761,FLRYX,Nuveen Large Cap Select Fund Class I,/quote/FLRYX?p=FLRYX,26.83
762,GLVNX,Invesco Oppenheimer Global Focus Fund Class R,/quote/GLVNX?p=GLVNX,45.63
763,MAPOX,Mairs & Power Balanced Fund Investor Class,/quote/MAPOX?p=MAPOX,86.54
764,FLYCX,Nuveen Large Cap Select Fund Class C,/quote/FLYCX?p=FLYCX,24.62
765,TRRHX,T. Rowe Price Retirement 2025 Fund,/quote/TRRHX?p=TRRHX,15.37
766,FLRAX,Nuveen Large Cap Select Fund Class A,/quote/FLRAX?p=FLRAX,26.63
767,JDCAX,Janus Henderson Forty Fund Class A,/quote/JDCAX?p=JDCAX,33.44
768,AULDX,American Century Ultra Fund R6 Class,/quote/AULDX?p=AULDX,48.42
769,JDCRX,Janus Henderson Forty Fund Class R,/quote/JDCRX?p=JDCRX,29.36
770,JCAPX,Janus Henderson Forty Fund Class I,/quote/JCAPX?p=JCAPX,34.88
771,JACCX,Janus Henderson Forty Fund Class C,/quote/JACCX?p=JACCX,26.64
772,JFRNX,Janus Henderson Forty Fund Class N,/quote/JFRNX?p=JFRNX,35.03
773,USAAX,USAA Growth Fund,/quote/USAAX?p=USAAX,23.13
774,RRTNX,T. Rowe Price Retirement 2025 Fund Class R,/quote/RRTNX?p=RRTNX,15.11
775,WIIGX,Wasatch International Growth Fund Institutional Class,/quote/WIIGX?p=WIIGX,24.60
776,TWCCX,American Century Ultra Fund C Class,/quote/TWCCX?p=TWCCX,35.98
777,JLGMX,JPMorgan Large Cap Growth Fund Class R6,/quote/JLGMX?p=JLGMX,38.04
778,JARTX,Janus Henderson Forty Fund Class S,/quote/JARTX?p=JARTX,31.94
779,KIFCX,Salient Select Income Fund Class C,/quote/KIFCX?p=KIFCX,15.38
780,CCIZX,Columbia Seligman Communications and Information Fund Institutional Class,/quote/CCIZX?p=CCIZX,73.40
781,SCIOX,Columbia Seligman Communications and Information Fund Advisor Class,/quote/SCIOX?p=SCIOX,63.55
782,SCIRX,Columbia Seligman Communications and Information Fund Class R,/quote/SCIRX?p=SCIRX,61.84
783,PARJX,T. Rowe Price Retirement 2025 Fund Advisor Class,/quote/PARJX?p=PARJX,15.28
784,SCMIX,Columbia Seligman Communications and Information Fund Institutional 2 Class,/quote/SCMIX?p=SCMIX,73.80
785,TILPX,TIAA-CREF Large-Cap Growth Fund Premier Class,/quote/TILPX?p=TILPX,19.60
786,SLMCX,Columbia Seligman Communications and Information Fund Class A,/quote/SLMCX?p=SLMCX,65.91
787,EAFGX,Eaton Vance Focused Growth Opportunities Fund Class A,/quote/EAFGX?p=EAFGX,19.77
788,SGTTX,Columbia Seligman Global Technology Fund Institutional 2 Class,/quote/SGTTX?p=SGTTX,37.99
789,TGGAX,Touchstone International Growth Opportunities Fund Class A,/quote/TGGAX?p=TGGAX,18.70
790,LKBAX,LKCM Balanced Fund,/quote/LKBAX?p=LKBAX,21.11
791,TYGGX,Touchstone International Growth Opportunities Fund Class Y,/quote/TYGGX?p=TYGGX,18.82
792,RIVBX,Riverbridge Growth Fund Institutional Class,/quote/RIVBX?p=RIVBX,20.52
793,JLGAX,JAG Large Cap Growth Fund Class A,/quote/JLGAX?p=JLGAX,14.79
794,CCHRX,Columbia Seligman Global Technology Fund Advisor Class,/quote/CCHRX?p=CCHRX,38.47
795,TILRX,TIAA-CREF Large-Cap Growth Fund Retirement Class,/quote/TILRX?p=TILRX,19.49
796,VWELX,Vanguard Wellington Fund Investor Shares,/quote/VWELX?p=VWELX,37.92
797,SGTRX,Columbia Seligman Global Technology Fund Class R,/quote/SGTRX?p=SGTRX,35.25
798,TIRTX,TIAA-CREF Large-Cap Growth Fund Retail Class,/quote/TIRTX?p=TIRTX,19.57
799,PRLAX,T. Rowe Price Latin America Fund,/quote/PRLAX?p=PRLAX,16.02
800,CSGZX,Columbia Seligman Global Technology Fund Institutional Class,/quote/CSGZX?p=CSGZX,37.75
801,SHTCX,Columbia Seligman Global Technology Fund Class C,/quote/SHTCX?p=SHTCX,26.65
802,VMNVX,Vanguard Global Minimum Volatility Fund Admiral Shares,/quote/VMNVX?p=VMNVX,23.96
803,ASDEX,American Century Select Fund R6 Class,/quote/ASDEX?p=ASDEX,72.40
804,TILHX,TIAA-CREF Large Cap Growth Fund Advisor Class,/quote/TILHX?p=TILHX,19.61
805,SXMAX,SEI Asset Allocation Trust Moderate Strategy Allocation Fund Class F,/quote/SXMAX?p=SXMAX,16.54
806,VWENX,Vanguard Wellington Fund Admiral Shares,/quote/VWENX?p=VWENX,65.49
807,CYYYX,Columbia Thermostat Fund Institutional 3 Class,/quote/CYYYX?p=CYYYX,15.15
808,TWCIX,American Century Select Fund Investor Class,/quote/TWCIX?p=TWCIX,70.88
809,FBAKX,Fidelity Balanced Fund Class K,/quote/FBAKX?p=FBAKX,21.56
810,FBALX,Fidelity Balanced Fund,/quote/FBALX?p=FBALX,21.56
811,TWSIX,American Century Select Fund I Class,/quote/TWSIX?p=TWSIX,72.34
812,VLAAX,Value Line Asset Allocation Fund Investor Class,/quote/VLAAX?p=VLAAX,35.42
813,TGGCX,Touchstone International Growth Opportunities Fund Class C,/quote/TGGCX?p=TGGCX,18.14
814,IFPUX,Independent Franchise Partners US Equity Fund,/quote/IFPUX?p=IFPUX,15.78
815,VLAIX,Value Line Asset Allocation Fund Institutional Class,/quote/VLAIX?p=VLAIX,35.52
816,PLBBX,Plumb Balanced Fund,/quote/PLBBX?p=PLBBX,28.83
817,SGIIX,First Eagle Global Fund Class I,/quote/SGIIX?p=SGIIX,48.25
818,TWCAX,American Century Select Fund A Class,/quote/TWCAX?p=TWCAX,68.90
819,ACSLX,American Century Select Fund C Class,/quote/ACSLX?p=ACSLX,60.14
820,FSPHX,Fidelity Select Health Care Portfolio,/quote/FSPHX?p=FSPHX,25.27
821,ASERX,American Century Select Fund R Class,/quote/ASERX?p=ASERX,68.01
822,CTFAX,Columbia Thermostat Fund Class A,/quote/CTFAX?p=CTFAX,15.29
823,SGENX,First Eagle Global Fund Class A,/quote/SGENX?p=SGENX,48.01
824,PJFBX,PGIM Jennison Growth Fund- Class B,/quote/PJFBX?p=PJFBX,28.08
825,PRWCX,T. Rowe Price Capital Appreciation Fund,/quote/PRWCX?p=PRWCX,27.81
826,DSMGX,Touchstone International Growth Opportunities Fund Institutional Class,/quote/DSMGX?p=DSMGX,18.90
827,FESGX,First Eagle Global Fund Class C,/quote/FESGX?p=FESGX,46.23
828,LGMAX,Loomis Sayles Global Allocation Fund Class A,/quote/LGMAX?p=LGMAX,21.43
829,MMDEX,Praxis Growth Index Fund Class I,/quote/MMDEX?p=MMDEX,24.22
830,PRGFX,T. Rowe Price Growth Stock Fund,/quote/PRGFX?p=PRGFX,63.87
831,PRUFX,T. Rowe Price Growth Stock Fund I Class,/quote/PRUFX?p=PRUFX,63.92
832,BFTIX,Baron Fifth Avenue Growth Fund Institutional Class,/quote/BFTIX?p=BFTIX,31.34
833,PACLX,T. Rowe Price Capital Appreciation Fund Advisor Class,/quote/PACLX?p=PACLX,27.49
834,LSWWX,Loomis Sayles Global Allocation Fund Class Y,/quote/LSWWX?p=LSWWX,21.56
835,TRSAX,T. Rowe Price Growth Stock Fund Advisor Class,/quote/TRSAX?p=TRSAX,62.22
836,FZAAX,Fidelity Advisor Balanced Fund Class Z,/quote/FZAAX?p=FZAAX,20.05
837,FAIOX,Fidelity Advisor Balanced Fund I Class,/quote/FAIOX?p=FAIOX,20.05
838,RRGSX,T. Rowe Price Growth Stock Fund R Class,/quote/RRGSX?p=RRGSX,59.81
839,COTZX,Columbia Thermostat Fund Institutional Class,/quote/COTZX?p=COTZX,15.06
840,LGMCX,Loomis Sayles Global Allocation Fund Class C,/quote/LGMCX?p=LGMCX,21.15
841,MLCIX,BMO Large-Cap Growth Fund Class I,/quote/MLCIX?p=MLCIX,16.04
842,BLGRX,BMO Large-Cap Growth Fund Class R6,/quote/BLGRX?p=BLGRX,16.07
843,FABLX,Fidelity Advisor Balanced Fund Class A,/quote/FABLX?p=FABLX,19.62
844,APGZX,AB Large Cap Growth Fund Class Z,/quote/APGZX?p=APGZX,56.72
845,CTORX,Columbia Thermostat Fund Advisor Class,/quote/CTORX?p=CTORX,15.15
846,APGYX,AB Large Cap Growth Fund Advisor Class,/quote/APGYX?p=APGYX,56.89
847,FFFEX,Fidelity Freedom 2030 Fund,/quote/FFFEX?p=FFFEX,15.30
848,ALCKX,AB Large Cap Growth Fund Class K,/quote/ALCKX?p=ALCKX,52.50
849,TRAIX,T. Rowe Price Capital Appreciation Fund I Class,/quote/TRAIX?p=TRAIX,27.84
850,FCASX,Fidelity Advisor Asset Manager 70% Fund Class C,/quote/FCASX?p=FCASX,19.38
851,APGAX,AB Large Cap Growth Fund Class A,/quote/APGAX?p=APGAX,51.57
852,APGCX,AB Large Cap Growth Fund Class C,/quote/APGCX?p=APGCX,36.65
853,FTASX,Fidelity Advisor Asset Manager 70% Fund Class M,/quote/FTASX?p=FTASX,19.45
854,FAASX,Fidelity Advisor Asset Manager 70% Fund Class A,/quote/FAASX?p=FAASX,19.44
855,FASGX,Fidelity Asset Manager 70% Fund,/quote/FASGX?p=FASGX,19.47
856,FHCIX,Fidelity Advisor Health Care Fund I Class,/quote/FHCIX?p=FHCIX,54.03
857,FAAIX,Fidelity Advisor Asset Manager 70% Fund I Class,/quote/FAAIX?p=FAAIX,19.47
858,PAWAX,T. Rowe Price New America Growth Fund Advisor Class,/quote/PAWAX?p=PAWAX,47.16
859,FAIGX,Fidelity Advisor Balanced Fund Class M,/quote/FAIGX?p=FAIGX,19.87
860,FSBKX,Federated Global Allocation Fund Class R Shares,/quote/FSBKX?p=FSBKX,17.03
861,RPBAX,T. Rowe Price Balanced Fund,/quote/RPBAX?p=RPBAX,21.70
862,FACTX,Fidelity Advisor Health Care Fund Class M,/quote/FACTX?p=FACTX,45.87
863,NEAIX,Needham Aggressive Growth Fund Institutional Class,/quote/NEAIX?p=NEAIX,19.00
864,PRWAX,T. Rowe Price New America Growth Fund,/quote/PRWAX?p=PRWAX,48.41
865,PNAIX,T. Rowe Price New America Growth Fund I Class,/quote/PNAIX?p=PNAIX,48.41
866,FACDX,Fidelity Advisor Health Care Fund Class A,/quote/FACDX?p=FACDX,49.43
867,BALGX,BMO Large-Cap Growth Fund Class A,/quote/BALGX?p=BALGX,15.86
868,MASTX,BMO Large-Cap Growth Fund Class Y,/quote/MASTX?p=MASTX,15.87
869,FHCCX,Fidelity Advisor Health Care Fund Class C,/quote/FHCCX?p=FHCCX,38.65
870,FABCX,Fidelity Advisor Balanced Fund Class C,/quote/FABCX?p=FABCX,19.46
871,FSTBX,Federated Global Allocation Fund Class A Shares,/quote/FSTBX?p=FSTBX,17.16
872,NEAGX,Needham Aggressive Growth Fund Retail Class,/quote/NEAGX?p=NEAGX,18.58
873,FSBCX,Federated Global Allocation Fund Class C Shares,/quote/FSBCX?p=FSBCX,16.63
874,PRJQX,PGIM Jennison Global Opportunities Fund-Class R6,/quote/PRJQX?p=PRJQX,24.79
875,HGOAX,The Hartford Growth Opportunities Fund Class A,/quote/HGOAX?p=HGOAX,34.58
876,SBFIX,Federated Global Allocation Fund Institutional Shares,/quote/SBFIX?p=SBFIX,17.26
877,FSBBX,Federated Global Allocation Fund Class B Shares,/quote/FSBBX?p=FSBBX,16.71
878,HGOSX,The Hartford Growth Opportunities Fund Class R4,/quote/HGOSX?p=HGOSX,37.21
879,HJPIX,Hennessy Japan Fund Institutional Class,/quote/HJPIX?p=HJPIX,32.84
880,HJPNX,Hennessy Japan Fund Investor Class,/quote/HJPNX?p=HJPNX,31.87
881,RBAIX,T. Rowe Price Balanced I Class,/quote/RBAIX?p=RBAIX,21.70
882,JRBYX,JPMorgan SmartRetirement Blend 2030 Fund Class R6,/quote/JRBYX?p=JRBYX,19.81
883,FBGKX,Fidelity Blue Chip Growth Fund Class K,/quote/FBGKX?p=FBGKX,95.05
884,TRLGX,T. Rowe Price Institutional Large Cap Growth Fund,/quote/TRLGX?p=TRLGX,38.58
885,NESIX,Needham Small Cap Growth Fund Institutional Class,/quote/NESIX?p=NESIX,15.45
886,FBGRX,Fidelity Blue Chip Growth Fund,/quote/FBGRX?p=FBGRX,94.82
887,FPBFX,Fidelity Pacific Basin Fund,/quote/FPBFX?p=FPBFX,29.24
888,FGDKX,Fidelity Growth Discovery Fund Class K,/quote/FGDKX?p=FGDKX,35.16
889,FTRNX,Fidelity Trend Fund,/quote/FTRNX?p=FTRNX,96.05
890,TRRBX,T. Rowe Price Retirement 2020 Fund,/quote/TRRBX?p=TRRBX,19.44
891,HRCAX,Harbor Capital Appreciation Fund Administrative Class,/quote/HRCAX?p=HRCAX,66.36
892,HACAX,Harbor Capital Appreciation Fund Institutional Class,/quote/HACAX?p=HACAX,67.97
893,TPPAX,T. Rowe Price Spectrum Moderate Allocation Fund I Class,/quote/TPPAX?p=TPPAX,21.23
894,TRPBX,T. Rowe Price Spectrum Moderate Allocation Fund,/quote/TRPBX?p=TRPBX,21.23
895,HCAIX,Harbor Capital Appreciation Fund Investor Class,/quote/HCAIX?p=HCAIX,64.69
896,FDSVX,Fidelity Growth Discovery Fund,/quote/FDSVX?p=FDSVX,35.13
897,RRTBX,T. Rowe Price Retirement 2020 Fund Class R,/quote/RRTBX?p=RRTBX,19.10
898,UOPSX,ProFunds UltraNASDAQ-100 Fund Service Class,/quote/UOPSX?p=UOPSX,55.93
899,UOPIX,ProFunds UltraNASDAQ-100 Fund Investor Class,/quote/UOPIX?p=UOPIX,70.38
900,PARBX,T. Rowe Price Retirement 2020 Fund Advisor Class,/quote/PARBX?p=PARBX,19.29
901,SCATX,Virtus Zevenbergen Innovative Growth Stock Fund Class I,/quote/SCATX?p=SCATX,29.77
902,TSAGX,Touchstone Large Company Growth Fund Class A,/quote/TSAGX?p=TSAGX,38.52
903,DSMLX,Touchstone Large Company Growth Fund Class Institutional,/quote/DSMLX?p=DSMLX,39.07
904,CMAAX,Calvert Moderate Allocation Fund Class A,/quote/CMAAX?p=CMAAX,17.40
905,QGRCX,Invesco Oppenheimer Global Allocation Fund Class C,/quote/QGRCX?p=QGRCX,15.71
906,RYVYX,Rydex NASDAQ-100 2x Strategy Fund Class H,/quote/RYVYX?p=RYVYX,150.71
907,RYVLX,Rydex NASDAQ-100 2x Strategy Fund Class A,/quote/RYVLX?p=RYVLX,150.77
908,RYCCX,Rydex NASDAQ-100 2x Strategy Fund Class C,/quote/RYCCX?p=RYCCX,117.73
909,WSBFX,Walden Balanced Fund,/quote/WSBFX?p=WSBFX,18.19
910,VBINX,Vanguard Balanced Index Fund Investor Shares,/quote/VBINX?p=VBINX,35.18
911,VBAIX,Vanguard Balanced Index Fund Institutional Shares,/quote/VBAIX?p=VBAIX,35.19
912,ALCFX,Alger Focus Equity Fund Class C,/quote/ALCFX?p=ALCFX,33.64
913,ALGRX,Alger Focus Equity Fund Class I,/quote/ALGRX?p=ALGRX,35.90
914,ALZFX,Alger Focus Equity Fund Class Z,/quote/ALZFX?p=ALZFX,36.51
915,FAMKX,Fidelity Advisor Emerging Markets Fund Class A,/quote/FAMKX?p=FAMKX,23.06
916,VBIAX,Vanguard Balanced Index Fund Admiral Shares,/quote/VBIAX?p=VBIAX,35.19
917,FIMKX,Fidelity Advisor Emerging Markets Fund I Class,/quote/FIMKX?p=FIMKX,23.17
918,QGRNX,Invesco Oppenheimer Global Allocation Fund Class R,/quote/QGRNX?p=QGRNX,16.21
919,ALAFX,Alger Focus Equity Fund Class A,/quote/ALAFX?p=ALAFX,35.70
920,RYCPX,Rydex Consumer Products Fund Class C,/quote/RYCPX?p=RYCPX,41.37
921,BGLUX,Baron Global Advantage Fund R6 Shares,/quote/BGLUX?p=BGLUX,27.36
922,FMCKX,Fidelity Advisor Emerging Markets Fund Class C,/quote/FMCKX?p=FMCKX,21.54
923,FTMKX,Fidelity Advisor Emerging Markets Fund Class M,/quote/FTMKX?p=FTMKX,22.82
924,RYCIX,Rydex Consumer Products Fund Class Investor,/quote/RYCIX?p=RYCIX,54.57
925,AEMZX,Acadian Emerging Markets Portfolio Class I,/quote/AEMZX?p=AEMZX,16.28
926,RYPDX,Rydex Consumer Products Fund Class A,/quote/RYPDX?p=RYPDX,49.42
927,FZAEX,Fidelity Advisor Emerging Markets Fund Class Z,/quote/FZAEX?p=FZAEX,23.11
928,BTBFX,Boston Trust Asset Management Fund,/quote/BTBFX?p=BTBFX,47.79
929,MBEAX,AMG Chicago Equity Partners Balanced Fund Class N,/quote/MBEAX?p=MBEAX,14.76
930,PABGX,T. Rowe Price Blue Chip Growth Fund Advisor Class,/quote/PABGX?p=PABGX,107.86
931,DXQLX,Direxion Monthly NASDAQ-100 Bull 2X Fund Investor Class,/quote/DXQLX?p=DXQLX,25.89
932,JGIRX,JPMorgan Intrepid Growth Fund Class R5,/quote/JGIRX?p=JGIRX,47.53
933,TBCIX,T. Rowe Price Blue Chip Growth Fund I Class,/quote/TBCIX?p=TBCIX,110.08
934,CISGX,Touchstone Sands Capital Institutional Growth Fund,/quote/CISGX?p=CISGX,20.49
935,JPGSX,JPMorgan Intrepid Growth Fund Class I,/quote/JPGSX?p=JPGSX,48.30
936,CTYRX,Columbia Global Technology Growth Fund Advisor Class,/quote/CTYRX?p=CTYRX,37.27
937,TPLGX,T. Rowe Price Institutional Large Cap Core Growth Fund,/quote/TPLGX?p=TPLGX,43.07
938,MBEYX,AMG Chicago Equity Partners Balanced Fund Class Z,/quote/MBEYX?p=MBEYX,14.92
939,TRBCX,T. Rowe Price Blue Chip Growth Fund,/quote/TRBCX?p=TRBCX,109.94
940,RRBGX,T. Rowe Price Blue Chip Growth Fund Class R,/quote/RRBGX?p=RRBGX,103.31
941,MBESX,AMG Chicago Equity Partners Balanced Fund Class I,/quote/MBESX?p=MBESX,14.92
942,IBALX,Transamerica Multi-Managed Balanced Fund Class A,/quote/IBALX?p=IBALX,26.07
943,CTHCX,Columbia Global Technology Growth Fund Class C,/quote/CTHCX?p=CTHCX,31.28
944,SAOIX,Guggenheim Alpha Opportunity Fund Institutional Class,/quote/SAOIX?p=SAOIX,23.17
945,NRIIX,Nuveen Real Asset Income Fund Class I,/quote/NRIIX?p=NRIIX,19.37
946,JIGZX,JPMorgan Intrepid Growth Fund Class R2,/quote/JIGZX?p=JIGZX,46.12
947,JIGAX,JPMorgan Intrepid Growth Fund Class A,/quote/JIGAX?p=JIGAX,47.37
948,NRICX,Nuveen Real Asset Income Fund Class C,/quote/NRICX?p=NRICX,19.38
949,CTHRX,Columbia Global Technology Growth Fund Institutional 2 Class,/quote/CTHRX?p=CTHRX,37.54
950,UBVSX,Undiscovered Managers Behavioral Value Fund Class I,/quote/UBVSX?p=UBVSX,39.53
951,UBVRX,Undiscovered Managers Behavioral Value Fund Class R2,/quote/UBVRX?p=UBVRX,38.19
952,BIPIX,ProFunds Biotechnology UltraSector Fund Investor Class,/quote/BIPIX?p=BIPIX,54.18
953,HLFNX,Hennessy Large Cap Financial Fund Investor Class,/quote/HLFNX?p=HLFNX,19.11
954,BIPSX,ProFunds Biotechnology UltraSector Fund Service Class,/quote/BIPSX?p=BIPSX,41.40
955,HILFX,Hennessy Large Cap Financial Fund Institutional Class,/quote/HILFX?p=HILFX,19.18
956,FPVSX,Frontier Phocas Small Cap Value Fund Service Class,/quote/FPVSX?p=FPVSX,21.91
957,FPSVX,Frontier Phocas Small Cap Value Fund Institutional Class,/quote/FPSVX?p=FPSVX,22.00
958,SKSEX,AMG Managers Skyline Special Equities Fund Class N,/quote/SKSEX?p=SKSEX,24.02
959,HWLCX,Hotchkis & Wiley Large Cap Value Fund Class C,/quote/HWLCX?p=HWLCX,23.41
960,BPSCX,Boston Partners Small Cap Value Fund II Investor Class,/quote/BPSCX?p=BPSCX,16.13
961,BPSIX,Boston Partners Small Cap Value Fund II Institutional Class,/quote/BPSIX?p=BPSIX,16.91
962,VSSCX,JPMorgan Small Cap Core Fund Class R5,/quote/VSSCX?p=VSSCX,35.47
963,FMPOX,Fidelity Advisor Mid Cap Value Fund Class I,/quote/FMPOX?p=FMPOX,16.40
964,LSSCX,Loomis Sayles Small Capital Value Fund Institutional Class,/quote/LSSCX?p=LSSCX,19.17
965,LSCNX,Loomis Sayles Small Cap Value Fund Class N,/quote/LSCNX?p=LSCNX,19.17
966,FSHOX,Fidelity Select Construction & Housing Portfolio,/quote/FSHOX?p=FSHOX,48.22
967,TEEAX,RBC Small Cap Core Fund Class A,/quote/TEEAX?p=TEEAX,20.79
968,LSCRX,Loomis Sayles Small Capital Value Fund Retail Class,/quote/LSCRX?p=LSCRX,18.79
969,LSVAX,Loomis Sayles Small Capital Value Fund Admin Class,/quote/LSVAX?p=LSVAX,17.76
970,FSCWX,Nuveen Small Cap Value Fund Class R6,/quote/FSCWX?p=FSCWX,15.30
971,FSMVX,Fidelity Mid Cap Value Fund,/quote/FSMVX?p=FSMVX,16.55
972,GTCSX,Glenmede Small Cap Equity Portfolio Class Advisor,/quote/GTCSX?p=GTCSX,17.54
973,GTSCX,Glenmede Small Cap Equity Portfolio Institutional Class,/quote/GTSCX?p=GTSCX,18.58
974,RBRCX,RBC Small Cap Core Fund Class R6,/quote/RBRCX?p=RBRCX,21.99
